ID,time,latitude,longitude,drogue_lost_date
,UTC,degrees_north,degrees_east,UTC
300534062485540,2025-01-01T00:00:00Z,8.205,88.464,2023-09-08T00:00:00Z
300534062485540,2025-01-01T06:00:00Z,8.325,88.439,2023-09-08T00:00:00Z
300534062485540,2025-01-01T12:00:00Z,8.428,88.401,2023-09-08T00:00:00Z
300534062485540,2025-01-01T18:00:00Z,8.492,88.337,2023-09-08T00:00:00Z
300534062485540,2025-01-02T00:00:00Z,8.557,88.255,2023-09-08T00:00:00Z
300534062485540,2025-01-02T06:00:00Z,8.625,88.154,2023-09-08T00:00:00Z
300534062485540,2025-01-02T12:00:00Z,8.701,88.052,2023-09-08T00:00:00Z
300534062485540,2025-01-02T18:00:00Z,8.774,87.966,2023-09-08T00:00:00Z
300534062485540,2025-01-03T00:00:00Z,8.81,87.875,2023-09-08T00:00:00Z
300534062485540,2025-01-03T06:00:00Z,8.851,87.789,2023-09-08T00:00:00Z
300534062485540,2025-01-03T12:00:00Z,8.833,87.694,2023-09-08T00:00:00Z
300534062485540,2025-01-03T18:00:00Z,8.814,87.597,2023-09-08T00:00:00Z
300534062485540,2025-01-04T00:00:00Z,8.795,87.489,2023-09-08T00:00:00Z
300534062485540,2025-01-04T06:00:00Z,8.769,87.364,2023-09-08T00:00:00Z
300534062485540,2025-01-04T12:00:00Z,8.766,87.249,2023-09-08T00:00:00Z
300534062485540,2025-01-04T18:00:00Z,8.77,87.171,2023-09-08T00:00:00Z
300534062485540,2025-01-05T00:00:00Z,8.761,87.112,2023-09-08T00:00:00Z
300534062485540,2025-01-05T06:00:00Z,8.734,87.087,2023-09-08T00:00:00Z
300534062485540,2025-01-05T12:00:00Z,8.664,87.06,2023-09-08T00:00:00Z
300534062485540,2025-01-05T18:00:00Z,8.595,87.051,2023-09-08T00:00:00Z
300534062485540,2025-01-06T00:00:00Z,8.492,87.046,2023-09-08T00:00:00Z
300534062485540,2025-01-06T06:00:00Z,8.182,86.987,2023-09-08T00:00:00Z
300534062485540,2025-01-06T12:00:00Z,8.118,86.982,2023-09-08T00:00:00Z
300534062485540,2025-01-06T18:00:00Z,8.085,87.026,2023-09-08T00:00:00Z
300534062485540,2025-01-07T00:00:00Z,8.025,87.047,2023-09-08T00:00:00Z
300534062485540,2025-01-07T06:00:00Z,7.975,87.1,2023-09-08T00:00:00Z
300534062485540,2025-01-07T12:00:00Z,7.938,87.164,2023-09-08T00:00:00Z
300534062485540,2025-01-07T18:00:00Z,7.932,87.243,2023-09-08T00:00:00Z
300534062485540,2025-01-08T00:00:00Z,7.914,87.309,2023-09-08T00:00:00Z
300534062485540,2025-01-08T06:00:00Z,7.897,87.375,2023-09-08T00:00:00Z
300534062485540,2025-01-08T12:00:00Z,7.927,87.459,2023-09-08T00:00:00Z
300534062485540,2025-01-08T18:00:00Z,7.975,87.529,2023-09-08T00:00:00Z
300534062485540,2025-01-09T00:00:00Z,8.036,87.583,2023-09-08T00:00:00Z
300534062485540,2025-01-09T06:00:00Z,8.112,87.62,2023-09-08T00:00:00Z
300534062485540,2025-01-09T12:00:00Z,8.2,87.638,2023-09-08T00:00:00Z
300534062485540,2025-01-09T18:00:00Z,8.33,87.638,2023-09-08T00:00:00Z
300534062485540,2025-01-10T00:00:00Z,8.45,87.618,2023-09-08T00:00:00Z
300534062485540,2025-01-10T06:00:00Z,8.567,87.594,2023-09-08T00:00:00Z
300534062485540,2025-01-10T12:00:00Z,8.703,87.557,2023-09-08T00:00:00Z
300534062485540,2025-01-10T18:00:00Z,8.785,87.497,2023-09-08T00:00:00Z
300534062485540,2025-01-11T00:00:00Z,8.856,87.394,2023-09-08T00:00:00Z
300534062485540,2025-01-11T06:00:00Z,8.939,87.277,2023-09-08T00:00:00Z
300534062485540,2025-01-11T12:00:00Z,9.011,87.153,2023-09-08T00:00:00Z
300534062485540,2025-01-11T18:00:00Z,9.051,86.988,2023-09-08T00:00:00Z
300534062485540,2025-01-12T00:00:00Z,9.081,86.824,2023-09-08T00:00:00Z
300534062485540,2025-01-12T06:00:00Z,9.102,86.688,2023-09-08T00:00:00Z
300534062485540,2025-01-12T12:00:00Z,9.13,86.572,2023-09-08T00:00:00Z
300534062485540,2025-01-12T18:00:00Z,9.128,86.445,2023-09-08T00:00:00Z
300534062485540,2025-01-13T00:00:00Z,9.116,86.335,2023-09-08T00:00:00Z
300534062485540,2025-01-13T06:00:00Z,9.068,86.217,2023-09-08T00:00:00Z
300534062485540,2025-01-13T12:00:00Z,9.02,86.096,2023-09-08T00:00:00Z
300534062485540,2025-01-13T18:00:00Z,8.989,86.003,2023-09-08T00:00:00Z
300534062485540,2025-01-14T00:00:00Z,8.951,85.925,2023-09-08T00:00:00Z
300534062485540,2025-01-14T06:00:00Z,8.912,85.845,2023-09-08T00:00:00Z
300534062485540,2025-01-14T12:00:00Z,8.857,85.819,2023-09-08T00:00:00Z
300534062485540,2025-01-14T18:00:00Z,8.786,85.785,2023-09-08T00:00:00Z
300534062485540,2025-01-15T00:00:00Z,8.687,85.803,2023-09-08T00:00:00Z
300534062485540,2025-01-15T06:00:00Z,8.565,85.819,2023-09-08T00:00:00Z
300534062485540,2025-01-15T12:00:00Z,8.456,85.838,2023-09-08T00:00:00Z
300534062485540,2025-01-15T18:00:00Z,8.32,85.902,2023-09-08T00:00:00Z
300534062485540,2025-01-16T00:00:00Z,8.181,85.968,2023-09-08T00:00:00Z
300534062485540,2025-01-16T06:00:00Z,8.115,86.028,2023-09-08T00:00:00Z
300534062485540,2025-01-16T12:00:00Z,8.109,86.03,2023-09-08T00:00:00Z
300534062485540,2025-01-16T18:00:00Z,8.027,86.099,2023-09-08T00:00:00Z
300534062485540,2025-01-17T00:00:00Z,7.859,86.221,2023-09-08T00:00:00Z
300534062485540,2025-01-17T06:00:00Z,7.743,86.324,2023-09-08T00:00:00Z
300534062485540,2025-01-17T12:00:00Z,7.64,86.379,2023-09-08T00:00:00Z
300534062485540,2025-01-17T18:00:00Z,7.601,86.454,2023-09-08T00:00:00Z
300534062485540,2025-01-18T00:00:00Z,7.581,86.522,2023-09-08T00:00:00Z
300534062485540,2025-01-18T06:00:00Z,7.594,86.59,2023-09-08T00:00:00Z
300534062485540,2025-01-18T12:00:00Z,7.623,86.68,2023-09-08T00:00:00Z
300534062485540,2025-01-18T18:00:00Z,7.671,86.769,2023-09-08T00:00:00Z
300534062485540,2025-01-19T00:00:00Z,7.694,86.856,2023-09-08T00:00:00Z
300534062485540,2025-01-19T06:00:00Z,7.736,86.957,2023-09-08T00:00:00Z
300534062485540,2025-01-19T12:00:00Z,7.743,87.055,2023-09-08T00:00:00Z
300534062485540,2025-01-19T18:00:00Z,7.735,87.143,2023-09-08T00:00:00Z
300534062485540,2025-01-20T00:00:00Z,7.749,87.214,2023-09-08T00:00:00Z
300534062485540,2025-01-20T06:00:00Z,7.779,87.26,2023-09-08T00:00:00Z
300534062485540,2025-01-20T12:00:00Z,7.805,87.263,2023-09-08T00:00:00Z
300534062485540,2025-01-20T18:00:00Z,7.863,87.292,2023-09-08T00:00:00Z
300534062485540,2025-01-21T00:00:00Z,7.908,87.327,2023-09-08T00:00:00Z
300534062485540,2025-01-21T06:00:00Z,7.975,87.354,2023-09-08T00:00:00Z
300534062485540,2025-01-21T12:00:00Z,8.05,87.358,2023-09-08T00:00:00Z
300534062485540,2025-01-21T18:00:00Z,8.14,87.396,2023-09-08T00:00:00Z
300534062485540,2025-01-22T00:00:00Z,8.218,87.44,2023-09-08T00:00:00Z
300534062485540,2025-01-22T06:00:00Z,8.297,87.493,2023-09-08T00:00:00Z
300534062485540,2025-01-22T12:00:00Z,8.354,87.528,2023-09-08T00:00:00Z
300534062485540,2025-01-22T18:00:00Z,8.396,87.56,2023-09-08T00:00:00Z
300534062485540,2025-01-23T00:00:00Z,8.428,87.563,2023-09-08T00:00:00Z
300534062485540,2025-01-23T06:00:00Z,8.457,87.577,2023-09-08T00:00:00Z
300534062485540,2025-01-23T12:00:00Z,8.484,87.557,2023-09-08T00:00:00Z
300534062485540,2025-01-23T18:00:00Z,8.502,87.556,2023-09-08T00:00:00Z
300534062485540,2025-01-24T00:00:00Z,8.493,87.545,2023-09-08T00:00:00Z
300534062485540,2025-01-24T06:00:00Z,8.494,87.523,2023-09-08T00:00:00Z
300534062485540,2025-01-24T12:00:00Z,8.516,87.517,2023-09-08T00:00:00Z
300534062485540,2025-01-24T18:00:00Z,8.555,87.532,2023-09-08T00:00:00Z
300534062485540,2025-01-25T00:00:00Z,8.597,87.539,2023-09-08T00:00:00Z
300534062485540,2025-01-25T06:00:00Z,8.589,87.532,2023-09-08T00:00:00Z
300534062485540,2025-01-25T12:00:00Z,8.549,87.486,2023-09-08T00:00:00Z
300534062485540,2025-01-25T18:00:00Z,8.505,87.451,2023-09-08T00:00:00Z
300534062485540,2025-01-26T00:00:00Z,8.475,87.389,2023-09-08T00:00:00Z
300534062485540,2025-01-26T06:00:00Z,8.458,87.34,2023-09-08T00:00:00Z
300534062485540,2025-01-26T12:00:00Z,8.444,87.277,2023-09-08T00:00:00Z
300534062485540,2025-01-26T18:00:00Z,8.454,87.192,2023-09-08T00:00:00Z
300534062485540,2025-01-27T00:00:00Z,8.49,87.097,2023-09-08T00:00:00Z
300534062485540,2025-01-27T06:00:00Z,8.537,87.019,2023-09-08T00:00:00Z
300534062485540,2025-01-27T12:00:00Z,8.602,86.961,2023-09-08T00:00:00Z
300534062485540,2025-01-27T18:00:00Z,8.662,86.928,2023-09-08T00:00:00Z
300534062485540,2025-01-28T00:00:00Z,8.721,86.918,2023-09-08T00:00:00Z
300534062485540,2025-01-28T06:00:00Z,8.768,86.916,2023-09-08T00:00:00Z
300534062485540,2025-01-28T12:00:00Z,8.827,86.915,2023-09-08T00:00:00Z
300534062485540,2025-01-28T18:00:00Z,8.894,86.921,2023-09-08T00:00:00Z
300534062485540,2025-01-29T00:00:00Z,8.989,86.924,2023-09-08T00:00:00Z
300534062485540,2025-01-29T06:00:00Z,9.072,86.941,2023-09-08T00:00:00Z
300534062485540,2025-01-29T12:00:00Z,9.155,86.928,2023-09-08T00:00:00Z
300534062485540,2025-01-29T18:00:00Z,9.22,86.94,2023-09-08T00:00:00Z
300534062485540,2025-01-30T00:00:00Z,9.277,86.934,2023-09-08T00:00:00Z
300534062485540,2025-01-30T06:00:00Z,9.378,86.93,2023-09-08T00:00:00Z
300534062485540,2025-01-30T12:00:00Z,9.494,86.914,2023-09-08T00:00:00Z
300534062485540,2025-01-30T18:00:00Z,9.644,86.929,2023-09-08T00:00:00Z
300534062485540,2025-01-31T00:00:00Z,9.797,86.955,2023-09-08T00:00:00Z
300534062485540,2025-01-31T06:00:00Z,9.944,86.995,2023-09-08T00:00:00Z
300534062485540,2025-01-31T12:00:00Z,10.064,87.011,2023-09-08T00:00:00Z
300534062485540,2025-01-31T18:00:00Z,10.151,87.025,2023-09-08T00:00:00Z
300534062485540,2025-02-01T00:00:00Z,10.218,87.044,2023-09-08T00:00:00Z
300534062485540,2025-02-01T06:00:00Z,10.267,87.059,2023-09-08T00:00:00Z
300534062485540,2025-02-01T12:00:00Z,10.315,87.04,2023-09-08T00:00:00Z
300534062485540,2025-02-01T18:00:00Z,10.373,87.046,2023-09-08T00:00:00Z
300534062485540,2025-02-02T00:00:00Z,10.425,87.055,2023-09-08T00:00:00Z
300534062485540,2025-02-02T06:00:00Z,10.465,87.102,2023-09-08T00:00:00Z
300534062485540,2025-02-02T12:00:00Z,10.441,87.16,2023-09-08T00:00:00Z
300534062485540,2025-02-02T18:00:00Z,10.388,87.199,2023-09-08T00:00:00Z
300534062485540,2025-02-03T00:00:00Z,10.321,87.226,2023-09-08T00:00:00Z
300534062485540,2025-02-03T06:00:00Z,10.277,87.227,2023-09-08T00:00:00Z
300534062485540,2025-02-03T12:00:00Z,10.235,87.214,2023-09-08T00:00:00Z
300534062485540,2025-02-03T18:00:00Z,10.196,87.204,2023-09-08T00:00:00Z
300534062485540,2025-02-04T00:00:00Z,10.166,87.219,2023-09-08T00:00:00Z
300534062485540,2025-02-04T06:00:00Z,10.082,87.224,2023-09-08T00:00:00Z
300534062485540,2025-02-04T12:00:00Z,10.003,87.213,2023-09-08T00:00:00Z
300534062485540,2025-02-04T18:00:00Z,9.912,87.214,2023-09-08T00:00:00Z
300534062485540,2025-02-05T00:00:00Z,9.832,87.191,2023-09-08T00:00:00Z
300534062485540,2025-02-05T06:00:00Z,9.748,87.165,2023-09-08T00:00:00Z
300534062485540,2025-02-05T12:00:00Z,9.655,87.097,2023-09-08T00:00:00Z
300534062485540,2025-02-05T18:00:00Z,9.609,87.063,2023-09-08T00:00:00Z
300534062485540,2025-02-06T00:00:00Z,9.552,86.997,2023-09-08T00:00:00Z
300534062485540,2025-02-06T06:00:00Z,9.516,86.929,2023-09-08T00:00:00Z
300534062485540,2025-02-06T12:00:00Z,9.476,86.847,2023-09-08T00:00:00Z
300534062485540,2025-02-06T18:00:00Z,9.43,86.784,2023-09-08T00:00:00Z
300534062485540,2025-02-07T00:00:00Z,9.387,86.74,2023-09-08T00:00:00Z
300534062485540,2025-02-07T06:00:00Z,9.326,86.675,2023-09-08T00:00:00Z
300534062485540,2025-02-07T12:00:00Z,9.286,86.605,2023-09-08T00:00:00Z
300534062485540,2025-02-07T18:00:00Z,9.263,86.522,2023-09-08T00:00:00Z
300534062485540,2025-02-08T00:00:00Z,9.258,86.473,2023-09-08T00:00:00Z
300534062485540,2025-02-08T06:00:00Z,9.251,86.41,2023-09-08T00:00:00Z
300534062485540,2025-02-08T12:00:00Z,9.225,86.368,2023-09-08T00:00:00Z
300534062485540,2025-02-08T18:00:00Z,9.22,86.328,2023-09-08T00:00:00Z
300534062485540,2025-02-09T00:00:00Z,9.225,86.28,2023-09-08T00:00:00Z
300534062485540,2025-02-09T06:00:00Z,9.245,86.262,2023-09-08T00:00:00Z
300534062485540,2025-02-09T12:00:00Z,9.236,86.248,2023-09-08T00:00:00Z
300534062485540,2025-02-09T18:00:00Z,9.215,86.255,2023-09-08T00:00:00Z
300534062485540,2025-02-10T00:00:00Z,9.183,86.238,2023-09-08T00:00:00Z
300534062485540,2025-02-10T06:00:00Z,9.15,86.225,2023-09-08T00:00:00Z
300534062485540,2025-02-10T12:00:00Z,9.1,86.198,2023-09-08T00:00:00Z
300534062485540,2025-02-10T18:00:00Z,9.058,86.165,2023-09-08T00:00:00Z
300534062485540,2025-02-11T00:00:00Z,9.02,86.141,2023-09-08T00:00:00Z
300534062485540,2025-02-11T06:00:00Z,8.963,86.096,2023-09-08T00:00:00Z
300534062485540,2025-02-11T12:00:00Z,8.927,86.035,2023-09-08T00:00:00Z
300534062485540,2025-02-11T18:00:00Z,8.891,86.001,2023-09-08T00:00:00Z
300534062485540,2025-02-12T00:00:00Z,8.852,85.975,2023-09-08T00:00:00Z
300534062485540,2025-02-12T06:00:00Z,8.813,85.936,2023-09-08T00:00:00Z
300534062485540,2025-02-12T12:00:00Z,8.775,85.876,2023-09-08T00:00:00Z
300534062485540,2025-02-12T18:00:00Z,8.735,85.806,2023-09-08T00:00:00Z
300534062485540,2025-02-13T00:00:00Z,8.705,85.75,2023-09-08T00:00:00Z
300534062485540,2025-02-13T06:00:00Z,8.67,85.681,2023-09-08T00:00:00Z
300534062485540,2025-02-13T12:00:00Z,8.619,85.583,2023-09-08T00:00:00Z
300534062485540,2025-02-13T18:00:00Z,8.584,85.475,2023-09-08T00:00:00Z
300534062485540,2025-02-14T00:00:00Z,8.548,85.388,2023-09-08T00:00:00Z
300534062485540,2025-02-14T06:00:00Z,8.532,85.329,2023-09-08T00:00:00Z
300534062485540,2025-02-14T12:00:00Z,8.485,85.264,2023-09-08T00:00:00Z
300534062485540,2025-02-14T18:00:00Z,8.442,85.243,2023-09-08T00:00:00Z
300534062485540,2025-02-15T00:00:00Z,8.387,85.23,2023-09-08T00:00:00Z
300534062485540,2025-02-15T06:00:00Z,8.336,85.223,2023-09-08T00:00:00Z
300534062485540,2025-02-15T12:00:00Z,8.254,85.211,2023-09-08T00:00:00Z
300534062485540,2025-02-15T18:00:00Z,8.178,85.181,2023-09-08T00:00:00Z
300534062485540,2025-02-16T00:00:00Z,8.102,85.128,2023-09-08T00:00:00Z
300534062485540,2025-02-16T06:00:00Z,8.026,85.043,2023-09-08T00:00:00Z
300534062485540,2025-02-16T12:00:00Z,7.969,84.942,2023-09-08T00:00:00Z
300534062485540,2025-02-16T18:00:00Z,7.93,84.845,2023-09-08T00:00:00Z
300534062485540,2025-02-17T00:00:00Z,7.901,84.736,2023-09-08T00:00:00Z
300534062485540,2025-02-17T06:00:00Z,7.892,84.632,2023-09-08T00:00:00Z
300534062485540,2025-02-17T12:00:00Z,7.893,84.512,2023-09-08T00:00:00Z
300534062485540,2025-02-17T18:00:00Z,7.895,84.427,2023-09-08T00:00:00Z
300534062485540,2025-02-18T00:00:00Z,7.89,84.333,2023-09-08T00:00:00Z
300534062485540,2025-02-18T06:00:00Z,7.895,84.258,2023-09-08T00:00:00Z
300534062485540,2025-02-18T12:00:00Z,7.887,84.157,2023-09-08T00:00:00Z
300534062485540,2025-02-18T18:00:00Z,7.893,84.079,2023-09-08T00:00:00Z
300534062485540,2025-02-19T00:00:00Z,7.876,84.021,2023-09-08T00:00:00Z
300534062485540,2025-02-19T06:00:00Z,7.854,83.925,2023-09-08T00:00:00Z
300534062485540,2025-02-19T12:00:00Z,7.832,83.816,2023-09-08T00:00:00Z
300534062485540,2025-02-19T18:00:00Z,7.829,83.707,2023-09-08T00:00:00Z
300534062485540,2025-02-20T00:00:00Z,7.84,83.608,2023-09-08T00:00:00Z
300534062485540,2025-02-20T06:00:00Z,7.86,83.517,2023-09-08T00:00:00Z
300534062485540,2025-02-20T12:00:00Z,7.848,83.407,2023-09-08T00:00:00Z
300534062485540,2025-02-20T18:00:00Z,7.872,83.275,2023-09-08T00:00:00Z
300534062485540,2025-02-21T00:00:00Z,7.903,83.158,2023-09-08T00:00:00Z
300534062485540,2025-02-21T06:00:00Z,7.965,83.037,2023-09-08T00:00:00Z
300534062485540,2025-02-21T12:00:00Z,8.023,82.901,2023-09-08T00:00:00Z
300534062485540,2025-02-21T18:00:00Z,8.1,82.773,2023-09-08T00:00:00Z
300534062485540,2025-02-22T00:00:00Z,8.186,82.643,2023-09-08T00:00:00Z
300534062485540,2025-02-22T06:00:00Z,8.303,82.525,2023-09-08T00:00:00Z
300534062485540,2025-02-22T12:00:00Z,8.424,82.383,2023-09-08T00:00:00Z
300534062485540,2025-02-22T18:00:00Z,8.558,82.268,2023-09-08T00:00:00Z
300534062485540,2025-02-23T00:00:00Z,8.721,82.136,2023-09-08T00:00:00Z
300534062485540,2025-02-23T06:00:00Z,8.908,82.02,2023-09-08T00:00:00Z
300534062485540,2025-02-23T12:00:00Z,9.094,81.918,2023-09-08T00:00:00Z
300534062485540,2025-02-23T18:00:00Z,9.277,81.818,2023-09-08T00:00:00Z
300534062485540,2025-02-24T00:00:00Z,9.47,81.721,2023-09-08T00:00:00Z
300534062485540,2025-02-24T06:00:00Z,9.691,81.645,2023-09-08T00:00:00Z
300534062485540,2025-02-24T12:00:00Z,9.912,81.571,2023-09-08T00:00:00Z
300534062485540,2025-02-24T18:00:00Z,10.14,81.535,2023-09-08T00:00:00Z
300534062485540,2025-02-25T00:00:00Z,10.374,81.523,2023-09-08T00:00:00Z
300534062485540,2025-02-25T06:00:00Z,10.58,81.519,2023-09-08T00:00:00Z
300534062485540,2025-02-25T12:00:00Z,10.775,81.54,2023-09-08T00:00:00Z
300534062485540,2025-02-25T18:00:00Z,10.932,81.562,2023-09-08T00:00:00Z
300534062485540,2025-02-26T00:00:00Z,11.064,81.609,2023-09-08T00:00:00Z
300534062485540,2025-02-26T06:00:00Z,11.194,81.675,2023-09-08T00:00:00Z
300534062485540,2025-02-26T12:00:00Z,11.33,81.743,2023-09-08T00:00:00Z
300534062485540,2025-02-26T18:00:00Z,11.474,81.835,2023-09-08T00:00:00Z
300534062485540,2025-02-27T00:00:00Z,11.602,81.94,2023-09-08T00:00:00Z
300534062485540,2025-02-27T06:00:00Z,11.715,82.044,2023-09-08T00:00:00Z
300534062485540,2025-02-27T12:00:00Z,11.823,82.134,2023-09-08T00:00:00Z
300534062485540,2025-02-27T18:00:00Z,11.929,82.211,2023-09-08T00:00:00Z
300534062485540,2025-02-28T00:00:00Z,12.022,82.294,2023-09-08T00:00:00Z
300534062485540,2025-02-28T06:00:00Z,12.1,82.401,2023-09-08T00:00:00Z
300534062485540,2025-02-28T12:00:00Z,12.186,82.51,2023-09-08T00:00:00Z
300534062485540,2025-02-28T18:00:00Z,12.299,82.632,2023-09-08T00:00:00Z
300534062485540,2025-03-01T00:00:00Z,12.388,82.773,2023-09-08T00:00:00Z
300534062485540,2025-03-01T06:00:00Z,12.479,82.885,2023-09-08T00:00:00Z
300534062485540,2025-03-01T12:00:00Z,12.536,83.014,2023-09-08T00:00:00Z
300534062485540,2025-03-01T18:00:00Z,12.618,83.131,2023-09-08T00:00:00Z
300534062485540,2025-03-02T00:00:00Z,12.698,83.26,2023-09-08T00:00:00Z
300534062485540,2025-03-02T06:00:00Z,12.762,83.394,2023-09-08T00:00:00Z
300534062485540,2025-03-02T12:00:00Z,12.801,83.494,2023-09-08T00:00:00Z
300534062485540,2025-03-02T18:00:00Z,12.833,83.59,2023-09-08T00:00:00Z
300534062485540,2025-03-03T00:00:00Z,12.87,83.692,2023-09-08T00:00:00Z
300534062485540,2025-03-03T06:00:00Z,12.905,83.794,2023-09-08T00:00:00Z
300534062485540,2025-03-03T12:00:00Z,12.904,83.882,2023-09-08T00:00:00Z
300534062485540,2025-03-03T18:00:00Z,12.892,83.968,2023-09-08T00:00:00Z
300534062485540,2025-03-04T00:00:00Z,12.883,84.05,2023-09-08T00:00:00Z
300534062485540,2025-03-04T06:00:00Z,12.881,84.127,2023-09-08T00:00:00Z
300534062485540,2025-03-04T12:00:00Z,12.863,84.18,2023-09-08T00:00:00Z
300534062485540,2025-03-04T18:00:00Z,12.845,84.246,2023-09-08T00:00:00Z
300534062485540,2025-03-05T00:00:00Z,12.83,84.307,2023-09-08T00:00:00Z
300534062485540,2025-03-05T06:00:00Z,12.802,84.376,2023-09-08T00:00:00Z
300534062485540,2025-03-05T12:00:00Z,12.767,84.439,2023-09-08T00:00:00Z
300534062485540,2025-03-05T18:00:00Z,12.7,84.509,2023-09-08T00:00:00Z
300534062485540,2025-03-06T00:00:00Z,12.612,84.582,2023-09-08T00:00:00Z
300534062485540,2025-03-06T06:00:00Z,12.546,84.629,2023-09-08T00:00:00Z
300534062485540,2025-03-06T12:00:00Z,12.427,84.678,2023-09-08T00:00:00Z
300534062485540,2025-03-06T18:00:00Z,12.303,84.696,2023-09-08T00:00:00Z
300534062485540,2025-03-07T00:00:00Z,12.169,84.699,2023-09-08T00:00:00Z
300534062485540,2025-03-07T06:00:00Z,12.045,84.662,2023-09-08T00:00:00Z
300534062485540,2025-03-07T12:00:00Z,11.964,84.656,2023-09-08T00:00:00Z
300534062485540,2025-03-07T18:00:00Z,11.853,84.629,2023-09-08T00:00:00Z
300534062485540,2025-03-08T00:00:00Z,11.737,84.616,2023-09-08T00:00:00Z
300534062485540,2025-03-08T06:00:00Z,11.593,84.576,2023-09-08T00:00:00Z
300534062485540,2025-03-08T12:00:00Z,11.454,84.53,2023-09-08T00:00:00Z
300534062485540,2025-03-08T18:00:00Z,11.318,84.456,2023-09-08T00:00:00Z
300534062485540,2025-03-09T00:00:00Z,11.168,84.366,2023-09-08T00:00:00Z
300534062485540,2025-03-09T06:00:00Z,11.041,84.253,2023-09-08T00:00:00Z
300534062485540,2025-03-09T12:00:00Z,10.91,84.124,2023-09-08T00:00:00Z
300534062485540,2025-03-09T18:00:00Z,10.792,83.961,2023-09-08T00:00:00Z
300534062485540,2025-03-10T00:00:00Z,10.697,83.805,2023-09-08T00:00:00Z
300534062485540,2025-03-10T06:00:00Z,10.617,83.637,2023-09-08T00:00:00Z
300534062485540,2025-03-10T12:00:00Z,10.544,83.456,2023-09-08T00:00:00Z
300534062485540,2025-03-10T18:00:00Z,10.515,83.26,2023-09-08T00:00:00Z
300534062485540,2025-03-11T00:00:00Z,10.521,83.078,2023-09-08T00:00:00Z
300534062485540,2025-03-11T06:00:00Z,10.549,82.933,2023-09-08T00:00:00Z
300534062485540,2025-03-11T12:00:00Z,10.588,82.811,2023-09-08T00:00:00Z
300534062485540,2025-03-11T18:00:00Z,10.637,82.704,2023-09-08T00:00:00Z
300534062485540,2025-03-12T00:00:00Z,10.693,82.637,2023-09-08T00:00:00Z
300534062485540,2025-03-12T06:00:00Z,10.727,82.551,2023-09-08T00:00:00Z
300534062485540,2025-03-12T12:00:00Z,10.781,82.466,2023-09-08T00:00:00Z
300534062485540,2025-03-12T18:00:00Z,10.798,82.385,2023-09-08T00:00:00Z
300534062485540,2025-03-13T00:00:00Z,10.809,82.279,2023-09-08T00:00:00Z
300534062485540,2025-03-13T06:00:00Z,10.83,82.174,2023-09-08T00:00:00Z
300534062485540,2025-03-13T12:00:00Z,10.877,82.072,2023-09-08T00:00:00Z
300534062485540,2025-03-13T18:00:00Z,10.933,81.966,2023-09-08T00:00:00Z
300534062485540,2025-03-14T00:00:00Z,11.013,81.862,2023-09-08T00:00:00Z
300534062485540,2025-03-14T06:00:00Z,11.109,81.764,2023-09-08T00:00:00Z
300534062485540,2025-03-14T12:00:00Z,11.229,81.696,2023-09-08T00:00:00Z
300534062485540,2025-03-14T18:00:00Z,11.34,81.651,2023-09-08T00:00:00Z
300534062485540,2025-03-15T00:00:00Z,11.445,81.629,2023-09-08T00:00:00Z
300534062485540,2025-03-15T06:00:00Z,11.542,81.613,2023-09-08T00:00:00Z
300534062485540,2025-03-15T12:00:00Z,11.637,81.598,2023-09-08T00:00:00Z
300534062485540,2025-03-15T18:00:00Z,11.743,81.573,2023-09-08T00:00:00Z
300534062485540,2025-03-16T00:00:00Z,11.83,81.585,2023-09-08T00:00:00Z
300534062485540,2025-03-16T06:00:00Z,11.909,81.596,2023-09-08T00:00:00Z
300534062485540,2025-03-16T12:00:00Z,11.991,81.58,2023-09-08T00:00:00Z
300534062485540,2025-03-16T18:00:00Z,12.09,81.582,2023-09-08T00:00:00Z
300534062485540,2025-03-17T00:00:00Z,12.222,81.597,2023-09-08T00:00:00Z
300534062485540,2025-03-17T06:00:00Z,12.37,81.657,2023-09-08T00:00:00Z
300534062485540,2025-03-17T12:00:00Z,12.541,81.754,2023-09-08T00:00:00Z
300534062485540,2025-03-17T18:00:00Z,12.688,81.912,2023-09-08T00:00:00Z
300534062485540,2025-03-18T00:00:00Z,12.782,82.095,2023-09-08T00:00:00Z
300534062485540,2025-03-18T06:00:00Z,12.841,82.27,2023-09-08T00:00:00Z
300534062485540,2025-03-18T12:00:00Z,12.868,82.417,2023-09-08T00:00:00Z
300534062485540,2025-03-18T18:00:00Z,12.885,82.549,2023-09-08T00:00:00Z
300534062485540,2025-03-19T00:00:00Z,12.888,82.663,2023-09-08T00:00:00Z
300534062485540,2025-03-19T06:00:00Z,12.891,82.756,2023-09-08T00:00:00Z
300534062485540,2025-03-19T12:00:00Z,12.909,82.835,2023-09-08T00:00:00Z
300534062485540,2025-03-19T18:00:00Z,12.924,82.927,2023-09-08T00:00:00Z
300534062485540,2025-03-20T00:00:00Z,12.927,83.02,2023-09-08T00:00:00Z
300534062485540,2025-03-20T06:00:00Z,12.922,83.121,2023-09-08T00:00:00Z
300534062485540,2025-03-20T12:00:00Z,12.89,83.216,2023-09-08T00:00:00Z
300534062485540,2025-03-20T18:00:00Z,12.838,83.316,2023-09-08T00:00:00Z
300534062485540,2025-03-21T00:00:00Z,12.761,83.4,2023-09-08T00:00:00Z
300534062485540,2025-03-21T06:00:00Z,12.671,83.467,2023-09-08T00:00:00Z
300534062485540,2025-03-21T12:00:00Z,12.547,83.475,2023-09-08T00:00:00Z
300534062485540,2025-03-21T18:00:00Z,12.437,83.48,2023-09-08T00:00:00Z
300534062485540,2025-03-22T00:00:00Z,12.332,83.459,2023-09-08T00:00:00Z
300534062485540,2025-03-22T06:00:00Z,12.246,83.413,2023-09-08T00:00:00Z
300534062485540,2025-03-22T12:00:00Z,12.183,83.34,2023-09-08T00:00:00Z
300534062485540,2025-03-22T18:00:00Z,12.138,83.296,2023-09-08T00:00:00Z
300534062485540,2025-03-23T00:00:00Z,12.094,83.265,2023-09-08T00:00:00Z
300534062485540,2025-03-23T06:00:00Z,12.042,83.233,2023-09-08T00:00:00Z
300534062485540,2025-03-23T12:00:00Z,11.969,83.196,2023-09-08T00:00:00Z
300534062485540,2025-03-23T18:00:00Z,11.877,83.143,2023-09-08T00:00:00Z
300534062485540,2025-03-24T00:00:00Z,11.81,83.088,2023-09-08T00:00:00Z
300534062485540,2025-03-24T06:00:00Z,11.739,83.004,2023-09-08T00:00:00Z
300534062485540,2025-03-24T12:00:00Z,11.681,82.914,2023-09-08T00:00:00Z
300534062485540,2025-03-24T18:00:00Z,11.623,82.825,2023-09-08T00:00:00Z
300534062485540,2025-03-25T00:00:00Z,11.578,82.737,2023-09-08T00:00:00Z
300534062485540,2025-03-25T06:00:00Z,11.554,82.647,2023-09-08T00:00:00Z
300534062485540,2025-03-25T12:00:00Z,11.555,82.537,2023-09-08T00:00:00Z
300534062485540,2025-03-25T18:00:00Z,11.565,82.463,2023-09-08T00:00:00Z
300534062485540,2025-03-26T00:00:00Z,11.55,82.412,2023-09-08T00:00:00Z
300534062485540,2025-03-26T06:00:00Z,11.529,82.35,2023-09-08T00:00:00Z
300534062485540,2025-03-26T12:00:00Z,11.504,82.263,2023-09-08T00:00:00Z
300534062485540,2025-03-26T18:00:00Z,11.507,82.19,2023-09-08T00:00:00Z
300534062485540,2025-03-27T00:00:00Z,11.507,82.109,2023-09-08T00:00:00Z
300534062485540,2025-03-27T06:00:00Z,11.529,82.05,2023-09-08T00:00:00Z
300534062485540,2025-03-27T12:00:00Z,11.563,82.026,2023-09-08T00:00:00Z
300534062485540,2025-03-27T18:00:00Z,11.585,82.002,2023-09-08T00:00:00Z
300534062485540,2025-03-28T00:00:00Z,11.6,81.96,2023-09-08T00:00:00Z
300534062485540,2025-03-28T06:00:00Z,11.631,81.913,2023-09-08T00:00:00Z
300534062485540,2025-03-28T12:00:00Z,11.68,81.891,2023-09-08T00:00:00Z
300534062485540,2025-03-28T18:00:00Z,11.71,81.857,2023-09-08T00:00:00Z
300534062485540,2025-03-29T00:00:00Z,11.736,81.825,2023-09-08T00:00:00Z
300534062485540,2025-03-29T06:00:00Z,11.778,81.786,2023-09-08T00:00:00Z
300534062485540,2025-03-29T12:00:00Z,11.837,81.762,2023-09-08T00:00:00Z
300534062485540,2025-03-29T18:00:00Z,11.895,81.733,2023-09-08T00:00:00Z
300534062485540,2025-03-30T00:00:00Z,11.933,81.683,2023-09-08T00:00:00Z
300534062485540,2025-03-30T06:00:00Z,12.009,81.633,2023-09-08T00:00:00Z
300534062485540,2025-03-30T12:00:00Z,12.113,81.597,2023-09-08T00:00:00Z
300534062485540,2025-03-30T18:00:00Z,12.221,81.587,2023-09-08T00:00:00Z
300534062485540,2025-03-31T00:00:00Z,12.322,81.586,2023-09-08T00:00:00Z
300534062485540,2025-03-31T06:00:00Z,12.43,81.595,2023-09-08T00:00:00Z
300534062485540,2025-03-31T12:00:00Z,12.541,81.615,2023-09-08T00:00:00Z
300534062485540,2025-03-31T18:00:00Z,12.661,81.661,2023-09-08T00:00:00Z
300534062485540,2025-04-01T00:00:00Z,12.763,81.734,2023-09-08T00:00:00Z
300534062485540,2025-04-01T06:00:00Z,12.882,81.835,2023-09-08T00:00:00Z
300534062485540,2025-04-01T12:00:00Z,13.008,81.951,2023-09-08T00:00:00Z
300534062485540,2025-04-01T18:00:00Z,13.107,82.085,2023-09-08T00:00:00Z
300534062485540,2025-04-02T00:00:00Z,13.178,82.225,2023-09-08T00:00:00Z
300534062485540,2025-04-02T06:00:00Z,13.232,82.368,2023-09-08T00:00:00Z
300534062485540,2025-04-02T12:00:00Z,13.288,82.515,2023-09-08T00:00:00Z
300534062485540,2025-04-02T18:00:00Z,13.359,82.676,2023-09-08T00:00:00Z
300534062485540,2025-04-03T00:00:00Z,13.417,82.878,2023-09-08T00:00:00Z
300534062485540,2025-04-03T06:00:00Z,13.489,83.088,2023-09-08T00:00:00Z
300534062485540,2025-04-03T12:00:00Z,13.578,83.275,2023-09-08T00:00:00Z
300534062485540,2025-04-03T18:00:00Z,13.665,83.498,2023-09-08T00:00:00Z
300534062485540,2025-04-04T00:00:00Z,13.723,83.729,2023-09-08T00:00:00Z
300534062485540,2025-04-04T06:00:00Z,13.778,83.933,2023-09-08T00:00:00Z
300534062485540,2025-04-04T12:00:00Z,13.826,84.125,2023-09-08T00:00:00Z
300534062485540,2025-04-04T18:00:00Z,13.893,84.275,2023-09-08T00:00:00Z
300534062485540,2025-04-05T00:00:00Z,13.966,84.433,2023-09-08T00:00:00Z
300534062485540,2025-04-05T06:00:00Z,14.048,84.612,2023-09-08T00:00:00Z
300534062485540,2025-04-05T12:00:00Z,14.094,84.783,2023-09-08T00:00:00Z
300534062485540,2025-04-05T18:00:00Z,14.108,84.951,2023-09-08T00:00:00Z
300534062485540,2025-04-06T00:00:00Z,14.123,85.133,2023-09-08T00:00:00Z
300534062485540,2025-04-06T06:00:00Z,14.085,85.296,2023-09-08T00:00:00Z
300534062485540,2025-04-06T12:00:00Z,14.05,85.402,2023-09-08T00:00:00Z
300534062485540,2025-04-06T18:00:00Z,14.002,85.488,2023-09-08T00:00:00Z
300534062485540,2025-04-07T00:00:00Z,13.966,85.588,2023-09-08T00:00:00Z
300534062485540,2025-04-07T06:00:00Z,13.896,85.668,2023-09-08T00:00:00Z
300534062485540,2025-04-07T12:00:00Z,13.797,85.746,2023-09-08T00:00:00Z
300534062485540,2025-04-07T18:00:00Z,13.68,85.763,2023-09-08T00:00:00Z
300534062485540,2025-04-08T00:00:00Z,13.586,85.754,2023-09-08T00:00:00Z
300534062485540,2025-04-08T06:00:00Z,13.493,85.726,2023-09-08T00:00:00Z
300534062485540,2025-04-08T12:00:00Z,13.417,85.678,2023-09-08T00:00:00Z
300534062485540,2025-04-08T18:00:00Z,13.351,85.617,2023-09-08T00:00:00Z
300534062485540,2025-04-09T00:00:00Z,13.324,85.606,2023-09-08T00:00:00Z
300534062485540,2025-04-09T06:00:00Z,13.313,85.645,2023-09-08T00:00:00Z
300534062485540,2025-04-09T12:00:00Z,13.259,85.762,2023-09-08T00:00:00Z
300534062485540,2025-04-09T18:00:00Z,13.147,85.862,2023-09-08T00:00:00Z
300534062485540,2025-04-10T00:00:00Z,12.986,85.931,2023-09-08T00:00:00Z
300534062485540,2025-04-10T06:00:00Z,12.812,85.97,2023-09-08T00:00:00Z
300534062485540,2025-04-10T12:00:00Z,12.627,85.971,2023-09-08T00:00:00Z
300534062485540,2025-04-10T18:00:00Z,12.447,85.902,2023-09-08T00:00:00Z
300534062485540,2025-04-11T00:00:00Z,12.32,85.8,2023-09-08T00:00:00Z
300534062485540,2025-04-11T06:00:00Z,12.222,85.705,2023-09-08T00:00:00Z
300534062485540,2025-04-11T12:00:00Z,12.168,85.65,2023-09-08T00:00:00Z
300534062485540,2025-04-11T18:00:00Z,12.076,85.616,2023-09-08T00:00:00Z
300534062485540,2025-04-12T00:00:00Z,11.955,85.582,2023-09-08T00:00:00Z
300534062485540,2025-04-12T06:00:00Z,11.807,85.537,2023-09-08T00:00:00Z
300534062485540,2025-04-12T12:00:00Z,11.611,85.468,2023-09-08T00:00:00Z
300534062485540,2025-04-12T18:00:00Z,11.419,85.361,2023-09-08T00:00:00Z
300534062485540,2025-04-13T00:00:00Z,11.256,85.262,2023-09-08T00:00:00Z
300534062485540,2025-04-13T06:00:00Z,11.11,85.186,2023-09-08T00:00:00Z
300534062485540,2025-04-13T12:00:00Z,10.959,85.16,2023-09-08T00:00:00Z
300534062485540,2025-04-13T18:00:00Z,10.847,85.128,2023-09-08T00:00:00Z
300534062485540,2025-04-14T00:00:00Z,10.788,85.127,2023-09-08T00:00:00Z
300534062485540,2025-04-14T06:00:00Z,10.737,85.143,2023-09-08T00:00:00Z
300534062485540,2025-04-14T12:00:00Z,10.673,85.167,2023-09-08T00:00:00Z
300534062485540,2025-04-14T18:00:00Z,10.636,85.18,2023-09-08T00:00:00Z
300534062485540,2025-04-15T00:00:00Z,10.615,85.205,2023-09-08T00:00:00Z
300534062485540,2025-04-15T06:00:00Z,10.592,85.201,2023-09-08T00:00:00Z
300534062485540,2025-04-15T12:00:00Z,10.605,85.179,2023-09-08T00:00:00Z
300534062485540,2025-04-15T18:00:00Z,10.626,85.162,2023-09-08T00:00:00Z
300534062485540,2025-04-16T00:00:00Z,10.656,85.147,2023-09-08T00:00:00Z
300534062485540,2025-04-16T06:00:00Z,10.661,85.113,2023-09-08T00:00:00Z
300534062485540,2025-04-16T12:00:00Z,10.694,85.03,2023-09-08T00:00:00Z
300534062485540,2025-04-16T18:00:00Z,10.756,84.946,2023-09-08T00:00:00Z
300534062485540,2025-04-17T00:00:00Z,10.779,84.872,2023-09-08T00:00:00Z
300534062485540,2025-04-17T06:00:00Z,10.777,84.787,2023-09-08T00:00:00Z
300534062485540,2025-04-17T12:00:00Z,10.77,84.699,2023-09-08T00:00:00Z
300534062485540,2025-04-17T18:00:00Z,10.726,84.632,2023-09-08T00:00:00Z
300534062485540,2025-04-18T00:00:00Z,10.632,84.532,2023-09-08T00:00:00Z
300534062485540,2025-04-18T06:00:00Z,10.574,84.452,2023-09-08T00:00:00Z
300534062485540,2025-04-18T12:00:00Z,10.51,84.392,2023-09-08T00:00:00Z
300534062485540,2025-04-18T18:00:00Z,10.446,84.345,2023-09-08T00:00:00Z
300534062485540,2025-04-19T00:00:00Z,10.374,84.335,2023-09-08T00:00:00Z
300534062485540,2025-04-19T06:00:00Z,10.327,84.334,2023-09-08T00:00:00Z
300534062485540,2025-04-19T12:00:00Z,10.243,84.382,2023-09-08T00:00:00Z
300534062485540,2025-04-19T18:00:00Z,10.171,84.382,2023-09-08T00:00:00Z
300534062485540,2025-04-20T00:00:00Z,10.1,84.415,2023-09-08T00:00:00Z
300534062485540,2025-04-20T06:00:00Z,10.05,84.431,2023-09-08T00:00:00Z
300534062485540,2025-04-20T12:00:00Z,10.032,84.496,2023-09-08T00:00:00Z
300534062485540,2025-04-20T18:00:00Z,10.031,84.57,2023-09-08T00:00:00Z
300534062485540,2025-04-21T00:00:00Z,10.053,84.646,2023-09-08T00:00:00Z
300534062485540,2025-04-21T06:00:00Z,10.098,84.74,2023-09-08T00:00:00Z
300534062485540,2025-04-21T12:00:00Z,10.187,84.823,2023-09-08T00:00:00Z
300534062485540,2025-04-21T18:00:00Z,10.271,84.9,2023-09-08T00:00:00Z
300534062485540,2025-04-22T00:00:00Z,10.374,84.947,2023-09-08T00:00:00Z
300534062485540,2025-04-22T06:00:00Z,10.467,84.951,2023-09-08T00:00:00Z
300534062485540,2025-04-22T12:00:00Z,10.598,84.93,2023-09-08T00:00:00Z
300534062485540,2025-04-22T18:00:00Z,10.733,84.913,2023-09-08T00:00:00Z
300534062485540,2025-04-23T00:00:00Z,10.847,84.9,2023-09-08T00:00:00Z
300534062485540,2025-04-23T06:00:00Z,10.941,84.884,2023-09-08T00:00:00Z
300534062485540,2025-04-23T12:00:00Z,11.034,84.877,2023-09-08T00:00:00Z
300534062485540,2025-04-23T18:00:00Z,11.1,84.86,2023-09-08T00:00:00Z
300534062485540,2025-04-24T00:00:00Z,11.161,84.812,2023-09-08T00:00:00Z
300534062485540,2025-04-24T06:00:00Z,11.222,84.763,2023-09-08T00:00:00Z
300534062485540,2025-04-24T12:00:00Z,11.25,84.706,2023-09-08T00:00:00Z
300534062485540,2025-04-24T18:00:00Z,11.257,84.592,2023-09-08T00:00:00Z
300534062485540,2025-04-25T00:00:00Z,11.301,84.482,2023-09-08T00:00:00Z
300534062485540,2025-04-25T06:00:00Z,11.336,84.368,2023-09-08T00:00:00Z
300534062485540,2025-04-25T12:00:00Z,11.389,84.284,2023-09-08T00:00:00Z
300534062485540,2025-04-25T18:00:00Z,11.418,84.226,2023-09-08T00:00:00Z
300534062485540,2025-04-26T00:00:00Z,11.424,84.14,2023-09-08T00:00:00Z
300534062485540,2025-04-26T06:00:00Z,11.416,84.05,2023-09-08T00:00:00Z
300534062485540,2025-04-26T12:00:00Z,11.418,83.953,2023-09-08T00:00:00Z
300534062485540,2025-04-26T18:00:00Z,11.422,83.857,2023-09-08T00:00:00Z
300534062485540,2025-04-27T00:00:00Z,11.415,83.767,2023-09-08T00:00:00Z
300534062485540,2025-04-27T06:00:00Z,11.386,83.663,2023-09-08T00:00:00Z
300534062485540,2025-04-27T12:00:00Z,11.279,83.539,2023-09-08T00:00:00Z
300534062485540,2025-04-27T18:00:00Z,11.191,83.435,2023-09-08T00:00:00Z
300534062485540,2025-04-28T00:00:00Z,11.115,83.297,2023-09-08T00:00:00Z
300534062485540,2025-04-28T06:00:00Z,11.074,83.161,2023-09-08T00:00:00Z
300534062485540,2025-04-28T12:00:00Z,11.049,83.047,2023-09-08T00:00:00Z
300534062485540,2025-04-28T18:00:00Z,11.029,82.935,2023-09-08T00:00:00Z
300534062485540,2025-04-29T00:00:00Z,10.996,82.847,2023-09-08T00:00:00Z
300534062485540,2025-04-29T06:00:00Z,10.957,82.768,2023-09-08T00:00:00Z
300534062485540,2025-04-29T12:00:00Z,10.893,82.709,2023-09-08T00:00:00Z
300534062485540,2025-04-29T18:00:00Z,10.828,82.645,2023-09-08T00:00:00Z
300534062485540,2025-04-30T00:00:00Z,10.714,82.603,2023-09-08T00:00:00Z
300534062485540,2025-04-30T06:00:00Z,10.636,82.55,2023-09-08T00:00:00Z
300534062485540,2025-04-30T12:00:00Z,10.527,82.54,2023-09-08T00:00:00Z
300534062485540,2025-04-30T18:00:00Z,10.416,82.511,2023-09-08T00:00:00Z
300534062485540,2025-05-01T00:00:00Z,10.331,82.464,2023-09-08T00:00:00Z
300534062485540,2025-05-01T06:00:00Z,10.291,82.451,2023-09-08T00:00:00Z
300534062485540,2025-05-01T12:00:00Z,10.26,82.46,2023-09-08T00:00:00Z
300534062485540,2025-05-01T18:00:00Z,10.193,82.484,2023-09-08T00:00:00Z
300534062485540,2025-05-02T00:00:00Z,10.108,82.485,2023-09-08T00:00:00Z
300534062485540,2025-05-02T06:00:00Z,10.024,82.473,2023-09-08T00:00:00Z
300534062485540,2025-05-02T12:00:00Z,9.966,82.48,2023-09-08T00:00:00Z
300534062485540,2025-05-02T18:00:00Z,9.916,82.49,2023-09-08T00:00:00Z
300534062485540,2025-05-03T00:00:00Z,9.865,82.472,2023-09-08T00:00:00Z
300534062485540,2025-05-03T06:00:00Z,9.844,82.505,2023-09-08T00:00:00Z
300534062485540,2025-05-03T12:00:00Z,9.805,82.565,2023-09-08T00:00:00Z
300534062485540,2025-05-03T18:00:00Z,9.78,82.628,2023-09-08T00:00:00Z
300534062485540,2025-05-04T00:00:00Z,9.752,82.658,2023-09-08T00:00:00Z
300534062485540,2025-05-04T06:00:00Z,9.775,82.741,2023-09-08T00:00:00Z
300534062485540,2025-05-04T12:00:00Z,9.787,82.812,2023-09-08T00:00:00Z
300534062485540,2025-05-04T18:00:00Z,9.817,82.862,2023-09-08T00:00:00Z
300534062485540,2025-05-05T00:00:00Z,9.855,82.878,2023-09-08T00:00:00Z
300534062485540,2025-05-05T06:00:00Z,9.927,82.883,2023-09-08T00:00:00Z
300534062485540,2025-05-05T12:00:00Z,10.041,82.89,2023-09-08T00:00:00Z
300534062485540,2025-05-05T18:00:00Z,10.111,82.922,2023-09-08T00:00:00Z
300534062485540,2025-05-06T00:00:00Z,10.174,82.949,2023-09-08T00:00:00Z
300534062485540,2025-05-06T06:00:00Z,10.227,83.001,2023-09-08T00:00:00Z
300534062485540,2025-05-06T12:00:00Z,10.268,83.053,2023-09-08T00:00:00Z
300534062485540,2025-05-06T18:00:00Z,10.283,83.084,2023-09-08T00:00:00Z
300534062485540,2025-05-07T00:00:00Z,10.329,83.059,2023-09-08T00:00:00Z
300534062485540,2025-05-07T06:00:00Z,10.366,83.03,2023-09-08T00:00:00Z
300534062485540,2025-05-07T12:00:00Z,10.454,82.966,2023-09-08T00:00:00Z
300534062485540,2025-05-07T18:00:00Z,10.583,82.913,2023-09-08T00:00:00Z
300534062485540,2025-05-08T00:00:00Z,10.723,82.905,2023-09-08T00:00:00Z
300534062485540,2025-05-08T06:00:00Z,10.809,82.954,2023-09-08T00:00:00Z
300534062485540,2025-05-08T12:00:00Z,10.846,82.988,2023-09-08T00:00:00Z
300534062485540,2025-05-08T18:00:00Z,10.867,82.992,2023-09-08T00:00:00Z
300534062485540,2025-05-09T00:00:00Z,10.885,82.939,2023-09-08T00:00:00Z
300534062485540,2025-05-09T06:00:00Z,10.906,82.867,2023-09-08T00:00:00Z
300534062485540,2025-05-09T12:00:00Z,10.939,82.784,2023-09-08T00:00:00Z
300534062485540,2025-05-09T18:00:00Z,10.98,82.711,2023-09-08T00:00:00Z
300534062485540,2025-05-10T00:00:00Z,11.045,82.624,2023-09-08T00:00:00Z
300534062485540,2025-05-10T06:00:00Z,11.129,82.56,2023-09-08T00:00:00Z
300534062485540,2025-05-10T12:00:00Z,11.187,82.539,2023-09-08T00:00:00Z
300534062485540,2025-05-10T18:00:00Z,11.222,82.501,2023-09-08T00:00:00Z
300534062485540,2025-05-11T00:00:00Z,11.225,82.429,2023-09-08T00:00:00Z
300534062485540,2025-05-11T06:00:00Z,11.226,82.373,2023-09-08T00:00:00Z
300534062485540,2025-05-11T12:00:00Z,11.223,82.323,2023-09-08T00:00:00Z
300534062485540,2025-05-11T18:00:00Z,11.2,82.234,2023-09-08T00:00:00Z
300534062485540,2025-05-12T00:00:00Z,11.2,82.144,2023-09-08T00:00:00Z
300534062485540,2025-05-12T06:00:00Z,11.21,82.084,2023-09-08T00:00:00Z
300534062485540,2025-05-12T12:00:00Z,11.213,82.016,2023-09-08T00:00:00Z
300534062485540,2025-05-12T18:00:00Z,11.207,81.983,2023-09-08T00:00:00Z
300534062485540,2025-05-13T00:00:00Z,11.213,81.959,2023-09-08T00:00:00Z
300534062485540,2025-05-13T06:00:00Z,11.198,81.952,2023-09-08T00:00:00Z
300534062485540,2025-05-13T12:00:00Z,11.176,81.914,2023-09-08T00:00:00Z
300534062485540,2025-05-13T18:00:00Z,11.139,81.881,2023-09-08T00:00:00Z
300534062485540,2025-05-14T00:00:00Z,11.107,81.803,2023-09-08T00:00:00Z
300534062485540,2025-05-14T06:00:00Z,11.102,81.736,2023-09-08T00:00:00Z
300534062485540,2025-05-14T12:00:00Z,11.095,81.683,2023-09-08T00:00:00Z
300534062485540,2025-05-14T18:00:00Z,11.1,81.601,2023-09-08T00:00:00Z
300534062485540,2025-05-15T00:00:00Z,11.107,81.558,2023-09-08T00:00:00Z
300534062485540,2025-05-15T06:00:00Z,11.114,81.548,2023-09-08T00:00:00Z
300534062485540,2025-05-15T12:00:00Z,11.09,81.576,2023-09-08T00:00:00Z
300534062485540,2025-05-15T18:00:00Z,11.046,81.541,2023-09-08T00:00:00Z
300534062485540,2025-05-16T00:00:00Z,11.024,81.51,2023-09-08T00:00:00Z
300534062485540,2025-05-16T06:00:00Z,11.014,81.503,2023-09-08T00:00:00Z
300534062485540,2025-05-16T12:00:00Z,11.0,81.514,2023-09-08T00:00:00Z
300534062485540,2025-05-16T18:00:00Z,11.004,81.479,2023-09-08T00:00:00Z
300534062485540,2025-05-17T00:00:00Z,11.004,81.478,2023-09-08T00:00:00Z
300534062485540,2025-05-17T06:00:00Z,11.013,81.451,2023-09-08T00:00:00Z
300534062485540,2025-05-17T12:00:00Z,11.0,81.426,2023-09-08T00:00:00Z
300534062485540,2025-05-17T18:00:00Z,11.006,81.392,2023-09-08T00:00:00Z
300534062485540,2025-05-18T00:00:00Z,11.021,81.383,2023-09-08T00:00:00Z
300534062485540,2025-05-18T06:00:00Z,11.006,81.385,2023-09-08T00:00:00Z
300534062485540,2025-05-18T12:00:00Z,10.987,81.37,2023-09-08T00:00:00Z
300534062485540,2025-05-18T18:00:00Z,10.982,81.316,2023-09-08T00:00:00Z
300534062485540,2025-05-19T00:00:00Z,11.024,81.295,2023-09-08T00:00:00Z
300534062485540,2025-05-19T06:00:00Z,11.035,81.296,2023-09-08T00:00:00Z
300534062485540,2025-05-19T12:00:00Z,11.027,81.293,2023-09-08T00:00:00Z
300534062485540,2025-05-19T18:00:00Z,11.028,81.298,2023-09-08T00:00:00Z
300534062485540,2025-05-20T00:00:00Z,11.064,81.305,2023-09-08T00:00:00Z
300534062485540,2025-05-20T06:00:00Z,11.081,81.33,2023-09-08T00:00:00Z
300534062485540,2025-05-20T12:00:00Z,11.101,81.345,2023-09-08T00:00:00Z
300534062485540,2025-05-20T18:00:00Z,11.112,81.349,2023-09-08T00:00:00Z
300534062485540,2025-05-21T00:00:00Z,11.154,81.339,2023-09-08T00:00:00Z
300534062485540,2025-05-21T06:00:00Z,11.175,81.363,2023-09-08T00:00:00Z
300534062485540,2025-05-21T12:00:00Z,11.196,81.389,2023-09-08T00:00:00Z
300534062485540,2025-05-21T18:00:00Z,11.219,81.396,2023-09-08T00:00:00Z
300534062485540,2025-05-22T00:00:00Z,11.283,81.386,2023-09-08T00:00:00Z
300534062485540,2025-05-22T06:00:00Z,11.32,81.379,2023-09-08T00:00:00Z
300534062485540,2025-05-22T12:00:00Z,11.324,81.402,2023-09-08T00:00:00Z
300534062485540,2025-05-22T18:00:00Z,11.313,81.386,2023-09-08T00:00:00Z
300534062485540,2025-05-23T00:00:00Z,11.352,81.354,2023-09-08T00:00:00Z
300534062485540,2025-05-23T06:00:00Z,11.41,81.349,2023-09-08T00:00:00Z
300534062485540,2025-05-23T12:00:00Z,11.454,81.371,2023-09-08T00:00:00Z
300534062485540,2025-05-23T18:00:00Z,11.511,81.388,2023-09-08T00:00:00Z
300534062485540,2025-05-24T00:00:00Z,11.568,81.443,2023-09-08T00:00:00Z
300534062485540,2025-05-24T06:00:00Z,11.578,81.492,2023-09-08T00:00:00Z
300534062485540,2025-05-24T12:00:00Z,11.604,81.527,2023-09-08T00:00:00Z
300534062485540,2025-05-24T18:00:00Z,11.608,81.553,2023-09-08T00:00:00Z
300534062485540,2025-05-25T00:00:00Z,11.604,81.579,2023-09-08T00:00:00Z
300534062485540,2025-05-25T06:00:00Z,11.591,81.585,2023-09-08T00:00:00Z
300534062485540,2025-05-25T12:00:00Z,11.592,81.614,2023-09-08T00:00:00Z
300534062485540,2025-05-25T18:00:00Z,11.612,81.631,2023-09-08T00:00:00Z
300534062485540,2025-05-26T00:00:00Z,11.633,81.682,2023-09-08T00:00:00Z
300534062485540,2025-05-26T06:00:00Z,11.638,81.749,2023-09-08T00:00:00Z
300534062485540,2025-05-26T12:00:00Z,11.626,81.84,2023-09-08T00:00:00Z
300534062485540,2025-05-26T18:00:00Z,11.619,81.933,2023-09-08T00:00:00Z
300534062485540,2025-05-27T00:00:00Z,11.61,82.065,2023-09-08T00:00:00Z
300534062485540,2025-05-27T06:00:00Z,11.651,82.192,2023-09-08T00:00:00Z
300534062485540,2025-05-27T12:00:00Z,11.687,82.266,2023-09-08T00:00:00Z
300534062485540,2025-05-27T18:00:00Z,11.735,82.326,2023-09-08T00:00:00Z
300534062485540,2025-05-28T00:00:00Z,11.77,82.392,2023-09-08T00:00:00Z
300534062485540,2025-05-28T06:00:00Z,11.805,82.494,2023-09-08T00:00:00Z
300534062485540,2025-05-28T12:00:00Z,11.82,82.586,2023-09-08T00:00:00Z
300534062485540,2025-05-28T18:00:00Z,11.84,82.676,2023-09-08T00:00:00Z
300534062485540,2025-05-29T00:00:00Z,11.85,82.781,2023-09-08T00:00:00Z
300534062485540,2025-05-29T06:00:00Z,11.873,82.902,2023-09-08T00:00:00Z
300534062485540,2025-05-29T12:00:00Z,11.881,83.032,2023-09-08T00:00:00Z
300534062485540,2025-05-29T18:00:00Z,11.894,83.157,2023-09-08T00:00:00Z
300534062485540,2025-05-30T00:00:00Z,11.921,83.267,2023-09-08T00:00:00Z
300534062485540,2025-05-30T06:00:00Z,11.927,83.382,2023-09-08T00:00:00Z
300534062485540,2025-05-30T12:00:00Z,11.941,83.503,2023-09-08T00:00:00Z
300534062485540,2025-05-30T18:00:00Z,11.927,83.589,2023-09-08T00:00:00Z
300534062485540,2025-05-31T00:00:00Z,11.939,83.675,2023-09-08T00:00:00Z
300534062485540,2025-05-31T06:00:00Z,11.967,83.76,2023-09-08T00:00:00Z
300534062485540,2025-05-31T12:00:00Z,11.987,83.867,2023-09-08T00:00:00Z
300534062485540,2025-05-31T18:00:00Z,12.03,83.967,2023-09-08T00:00:00Z
300534062485540,2025-06-01T00:00:00Z,12.058,84.038,2023-09-08T00:00:00Z
300534062485540,2025-06-01T06:00:00Z,12.091,84.119,2023-09-08T00:00:00Z
300534062485540,2025-06-01T12:00:00Z,12.098,84.21,2023-09-08T00:00:00Z
300534062485540,2025-06-01T18:00:00Z,12.109,84.286,2023-09-08T00:00:00Z
300534062485540,2025-06-02T00:00:00Z,12.129,84.338,2023-09-08T00:00:00Z
300534062485540,2025-06-02T06:00:00Z,12.162,84.404,2023-09-08T00:00:00Z
300534062485540,2025-06-02T12:00:00Z,12.216,84.463,2023-09-08T00:00:00Z
300534062485540,2025-06-02T18:00:00Z,12.259,84.549,2023-09-08T00:00:00Z
300534062485540,2025-06-03T00:00:00Z,12.303,84.607,2023-09-08T00:00:00Z
300534062485540,2025-06-03T06:00:00Z,12.347,84.69,2023-09-08T00:00:00Z
300534062485540,2025-06-03T12:00:00Z,12.389,84.782,2023-09-08T00:00:00Z
300534062485540,2025-06-03T18:00:00Z,12.4,84.847,2023-09-08T00:00:00Z
300534062485540,2025-06-04T00:00:00Z,12.446,84.9,2023-09-08T00:00:00Z
300534062485540,2025-06-04T06:00:00Z,12.509,84.942,2023-09-08T00:00:00Z
300534062485540,2025-06-04T12:00:00Z,12.594,85.028,2023-09-08T00:00:00Z
300534062485540,2025-06-04T18:00:00Z,12.649,85.111,2023-09-08T00:00:00Z
300534062485540,2025-06-05T00:00:00Z,12.714,85.19,2023-09-08T00:00:00Z
300534062485540,2025-06-05T06:00:00Z,12.754,85.244,2023-09-08T00:00:00Z
300534062485540,2025-06-05T12:00:00Z,12.825,85.318,2023-09-08T00:00:00Z
300534062485540,2025-06-05T18:00:00Z,12.859,85.383,2023-09-08T00:00:00Z
300534062485540,2025-06-06T00:00:00Z,12.922,85.419,2023-09-08T00:00:00Z
300534062485540,2025-06-06T06:00:00Z,13.002,85.455,2023-09-08T00:00:00Z
300534062485540,2025-06-06T12:00:00Z,13.106,85.52,2023-09-08T00:00:00Z
300534062485540,2025-06-06T18:00:00Z,13.173,85.614,2023-09-08T00:00:00Z
300534062485540,2025-06-07T00:00:00Z,13.215,85.701,2023-09-08T00:00:00Z
300534062485540,2025-06-07T06:00:00Z,13.25,85.782,2023-09-08T00:00:00Z
300534062485540,2025-06-07T12:00:00Z,13.321,85.861,2023-09-08T00:00:00Z
300534062485540,2025-06-07T18:00:00Z,13.421,85.921,2023-09-08T00:00:00Z
300534062485540,2025-06-08T00:00:00Z,13.541,85.995,2023-09-08T00:00:00Z
300534062485540,2025-06-08T06:00:00Z,13.647,86.08,2023-09-08T00:00:00Z
300534062485540,2025-06-08T12:00:00Z,13.745,86.176,2023-09-08T00:00:00Z
300534062485540,2025-06-08T18:00:00Z,13.833,86.282,2023-09-08T00:00:00Z
300534062485540,2025-06-09T00:00:00Z,13.922,86.373,2023-09-08T00:00:00Z
300534062485540,2025-06-09T06:00:00Z,14.001,86.486,2023-09-08T00:00:00Z
300534062485540,2025-06-09T12:00:00Z,14.068,86.609,2023-09-08T00:00:00Z
300534062485540,2025-06-09T18:00:00Z,14.116,86.719,2023-09-08T00:00:00Z
300534062485540,2025-06-10T00:00:00Z,14.113,86.794,2023-09-08T00:00:00Z
300534062485540,2025-06-10T06:00:00Z,14.105,86.818,2023-09-08T00:00:00Z
300534062485540,2025-06-10T12:00:00Z,14.149,86.865,2023-09-08T00:00:00Z
300534062485540,2025-06-10T18:00:00Z,14.18,86.9,2023-09-08T00:00:00Z
300534062485540,2025-06-11T00:00:00Z,14.255,86.982,2023-09-08T00:00:00Z
300534062485540,2025-06-11T06:00:00Z,14.307,87.113,2023-09-08T00:00:00Z
300534062485540,2025-06-11T12:00:00Z,14.337,87.245,2023-09-08T00:00:00Z
300534062485540,2025-06-11T18:00:00Z,14.329,87.357,2023-09-08T00:00:00Z
300534062485540,2025-06-12T00:00:00Z,14.31,87.44,2023-09-08T00:00:00Z
300534062485540,2025-06-12T06:00:00Z,14.296,87.524,2023-09-08T00:00:00Z
300534062485540,2025-06-12T12:00:00Z,14.31,87.604,2023-09-08T00:00:00Z
300534062485540,2025-06-12T18:00:00Z,14.341,87.681,2023-09-08T00:00:00Z
300534062485540,2025-06-13T00:00:00Z,14.386,87.757,2023-09-08T00:00:00Z
300534062485540,2025-06-13T06:00:00Z,14.409,87.842,2023-09-08T00:00:00Z
300534062485540,2025-06-13T12:00:00Z,14.398,87.929,2023-09-08T00:00:00Z
300534062485540,2025-06-13T18:00:00Z,14.39,87.993,2023-09-08T00:00:00Z
300534062485540,2025-06-14T00:00:00Z,14.383,88.045,2023-09-08T00:00:00Z
300534062485540,2025-06-14T06:00:00Z,14.398,88.084,2023-09-08T00:00:00Z
300534062485540,2025-06-14T12:00:00Z,14.405,88.153,2023-09-08T00:00:00Z
300534062485540,2025-06-14T18:00:00Z,14.398,88.248,2023-09-08T00:00:00Z
300534062485540,2025-06-15T00:00:00Z,14.402,88.372,2023-09-08T00:00:00Z
300534062485540,2025-06-15T06:00:00Z,14.439,88.48,2023-09-08T00:00:00Z
300534062485540,2025-06-15T12:00:00Z,14.43,88.594,2023-09-08T00:00:00Z
300534062485540,2025-06-15T18:00:00Z,14.405,88.703,2023-09-08T00:00:00Z
300534062485540,2025-06-16T00:00:00Z,14.377,88.778,2023-09-08T00:00:00Z
300534062485540,2025-06-16T06:00:00Z,14.424,88.851,2023-09-08T00:00:00Z
300534062485540,2025-06-16T12:00:00Z,14.459,88.935,2023-09-08T00:00:00Z
300534062485540,2025-06-16T18:00:00Z,14.516,89.03,2023-09-08T00:00:00Z
300534062485540,2025-06-17T00:00:00Z,14.535,89.136,2023-09-08T00:00:00Z
300534062485540,2025-06-17T06:00:00Z,14.585,89.241,2023-09-08T00:00:00Z
300534062485540,2025-06-17T12:00:00Z,14.617,89.351,2023-09-08T00:00:00Z
300534062485540,2025-06-17T18:00:00Z,14.638,89.427,2023-09-08T00:00:00Z
300534062485540,2025-06-18T00:00:00Z,14.671,89.516,2023-09-08T00:00:00Z
300534062485540,2025-06-18T06:00:00Z,14.712,89.582,2023-09-08T00:00:00Z
300534062485540,2025-06-18T12:00:00Z,14.776,89.678,2023-09-08T00:00:00Z
300534064136830,2025-01-01T00:00:00Z,8.144,89.056,2024-07-29T00:00:00Z
300534064136830,2025-01-01T06:00:00Z,8.249,88.978,2024-07-29T00:00:00Z
300534064136830,2025-01-01T12:00:00Z,8.339,88.911,2024-07-29T00:00:00Z
300534064136830,2025-01-01T18:00:00Z,8.44,88.855,2024-07-29T00:00:00Z
300534064136830,2025-01-02T00:00:00Z,8.552,88.78,2024-07-29T00:00:00Z
300534064136830,2025-01-02T06:00:00Z,8.668,88.701,2024-07-29T00:00:00Z
300534064136830,2025-01-02T12:00:00Z,8.761,88.612,2024-07-29T00:00:00Z
300534064136830,2025-01-02T18:00:00Z,8.866,88.509,2024-07-29T00:00:00Z
300534064136830,2025-01-03T00:00:00Z,8.956,88.388,2024-07-29T00:00:00Z
300534064136830,2025-01-03T06:00:00Z,9.054,88.236,2024-07-29T00:00:00Z
300534064136830,2025-01-03T12:00:00Z,9.124,88.073,2024-07-29T00:00:00Z
300534064136830,2025-01-03T18:00:00Z,9.203,87.901,2024-07-29T00:00:00Z
300534064136830,2025-01-04T00:00:00Z,9.273,87.705,2024-07-29T00:00:00Z
300534064136830,2025-01-04T06:00:00Z,9.353,87.532,2024-07-29T00:00:00Z
300534064136830,2025-01-04T12:00:00Z,9.408,87.366,2024-07-29T00:00:00Z
300534064136830,2025-01-04T18:00:00Z,9.489,87.199,2024-07-29T00:00:00Z
300534064136830,2025-01-05T00:00:00Z,9.544,87.06,2024-07-29T00:00:00Z
300534064136830,2025-01-05T06:00:00Z,9.586,86.934,2024-07-29T00:00:00Z
300534064136830,2025-01-05T12:00:00Z,9.588,86.816,2024-07-29T00:00:00Z
300534064136830,2025-01-05T18:00:00Z,9.577,86.736,2024-07-29T00:00:00Z
300534064136830,2025-01-06T00:00:00Z,9.495,86.695,2024-07-29T00:00:00Z
300534064136830,2025-01-06T06:00:00Z,9.39,86.621,2024-07-29T00:00:00Z
300534064136830,2025-01-06T12:00:00Z,9.263,86.511,2024-07-29T00:00:00Z
300534064136830,2025-01-06T18:00:00Z,9.153,86.431,2024-07-29T00:00:00Z
300534064136830,2025-01-07T00:00:00Z,9.042,86.376,2024-07-29T00:00:00Z
300534064136830,2025-01-07T06:00:00Z,8.926,86.331,2024-07-29T00:00:00Z
300534064136830,2025-01-07T12:00:00Z,8.781,86.315,2024-07-29T00:00:00Z
300534064136830,2025-01-07T18:00:00Z,8.618,86.324,2024-07-29T00:00:00Z
300534064136830,2025-01-08T00:00:00Z,8.449,86.34,2024-07-29T00:00:00Z
300534064136830,2025-01-08T06:00:00Z,8.29,86.351,2024-07-29T00:00:00Z
300534064136830,2025-01-08T12:00:00Z,8.138,86.35,2024-07-29T00:00:00Z
300534064136830,2025-01-08T18:00:00Z,7.995,86.373,2024-07-29T00:00:00Z
300534064136830,2025-01-09T00:00:00Z,7.881,86.415,2024-07-29T00:00:00Z
300534064136830,2025-01-09T06:00:00Z,7.759,86.467,2024-07-29T00:00:00Z
300534064136830,2025-01-09T12:00:00Z,7.627,86.535,2024-07-29T00:00:00Z
300534064136830,2025-01-09T18:00:00Z,7.533,86.603,2024-07-29T00:00:00Z
300534064136830,2025-01-10T00:00:00Z,7.482,86.664,2024-07-29T00:00:00Z
300534064136830,2025-01-10T06:00:00Z,7.453,86.749,2024-07-29T00:00:00Z
300534064136830,2025-01-10T12:00:00Z,7.451,86.842,2024-07-29T00:00:00Z
300534064136830,2025-01-10T18:00:00Z,7.457,86.927,2024-07-29T00:00:00Z
300534064136830,2025-01-11T00:00:00Z,7.481,86.992,2024-07-29T00:00:00Z
300534064136830,2025-01-11T06:00:00Z,7.502,87.047,2024-07-29T00:00:00Z
300534064136830,2025-01-11T12:00:00Z,7.561,87.107,2024-07-29T00:00:00Z
300534064136830,2025-01-11T18:00:00Z,7.636,87.175,2024-07-29T00:00:00Z
300534064136830,2025-01-12T00:00:00Z,7.706,87.236,2024-07-29T00:00:00Z
300534064136830,2025-01-12T06:00:00Z,7.792,87.314,2024-07-29T00:00:00Z
300534064136830,2025-01-12T12:00:00Z,7.872,87.363,2024-07-29T00:00:00Z
300534064136830,2025-01-12T18:00:00Z,7.957,87.404,2024-07-29T00:00:00Z
300534064136830,2025-01-13T00:00:00Z,8.06,87.437,2024-07-29T00:00:00Z
300534064136830,2025-01-13T06:00:00Z,8.179,87.445,2024-07-29T00:00:00Z
300534064136830,2025-01-13T12:00:00Z,8.311,87.427,2024-07-29T00:00:00Z
300534064136830,2025-01-13T18:00:00Z,8.419,87.37,2024-07-29T00:00:00Z
300534064136830,2025-01-14T00:00:00Z,8.509,87.323,2024-07-29T00:00:00Z
300534064136830,2025-01-14T06:00:00Z,8.598,87.251,2024-07-29T00:00:00Z
300534064136830,2025-01-14T12:00:00Z,8.672,87.186,2024-07-29T00:00:00Z
300534064136830,2025-01-14T18:00:00Z,8.745,87.117,2024-07-29T00:00:00Z
300534064136830,2025-01-15T00:00:00Z,8.781,87.023,2024-07-29T00:00:00Z
300534064136830,2025-01-15T06:00:00Z,8.805,86.92,2024-07-29T00:00:00Z
300534064136830,2025-01-15T12:00:00Z,8.841,86.794,2024-07-29T00:00:00Z
300534064136830,2025-01-15T18:00:00Z,8.907,86.692,2024-07-29T00:00:00Z
300534064136830,2025-01-16T00:00:00Z,8.945,86.608,2024-07-29T00:00:00Z
300534064136830,2025-01-16T06:00:00Z,8.954,86.518,2024-07-29T00:00:00Z
300534064136830,2025-01-16T12:00:00Z,8.945,86.409,2024-07-29T00:00:00Z
300534064136830,2025-01-16T18:00:00Z,8.939,86.333,2024-07-29T00:00:00Z
300534064136830,2025-01-17T00:00:00Z,8.903,86.273,2024-07-29T00:00:00Z
300534064136830,2025-01-17T06:00:00Z,8.87,86.21,2024-07-29T00:00:00Z
300534064136830,2025-01-17T12:00:00Z,8.819,86.147,2024-07-29T00:00:00Z
300534064136830,2025-01-17T18:00:00Z,8.797,86.087,2024-07-29T00:00:00Z
300534064136830,2025-01-18T00:00:00Z,8.788,86.06,2024-07-29T00:00:00Z
300534064136830,2025-01-18T06:00:00Z,8.772,86.059,2024-07-29T00:00:00Z
300534064136830,2025-01-18T12:00:00Z,8.747,86.076,2024-07-29T00:00:00Z
300534064136830,2025-01-18T18:00:00Z,8.714,86.134,2024-07-29T00:00:00Z
300534064136830,2025-01-19T00:00:00Z,8.68,86.218,2024-07-29T00:00:00Z
300534064136830,2025-01-19T06:00:00Z,8.615,86.302,2024-07-29T00:00:00Z
300534064136830,2025-01-19T12:00:00Z,8.547,86.41,2024-07-29T00:00:00Z
300534064136830,2025-01-19T18:00:00Z,8.467,86.519,2024-07-29T00:00:00Z
300534064136830,2025-01-20T00:00:00Z,8.414,86.627,2024-07-29T00:00:00Z
300534064136830,2025-01-20T06:00:00Z,8.402,86.691,2024-07-29T00:00:00Z
300534064136830,2025-01-20T12:00:00Z,8.399,86.752,2024-07-29T00:00:00Z
300534064136830,2025-01-20T18:00:00Z,8.403,86.815,2024-07-29T00:00:00Z
300534064136830,2025-01-21T00:00:00Z,8.417,86.889,2024-07-29T00:00:00Z
300534064136830,2025-01-21T06:00:00Z,8.456,86.987,2024-07-29T00:00:00Z
300534064136830,2025-01-21T12:00:00Z,8.498,87.068,2024-07-29T00:00:00Z
300534064136830,2025-01-21T18:00:00Z,8.535,87.155,2024-07-29T00:00:00Z
300534064136830,2025-01-22T00:00:00Z,8.574,87.229,2024-07-29T00:00:00Z
300534064136830,2025-01-22T06:00:00Z,8.632,87.288,2024-07-29T00:00:00Z
300534064136830,2025-01-22T12:00:00Z,8.708,87.328,2024-07-29T00:00:00Z
300534064136830,2025-01-22T18:00:00Z,8.775,87.389,2024-07-29T00:00:00Z
300534064136830,2025-01-23T00:00:00Z,8.824,87.44,2024-07-29T00:00:00Z
300534064136830,2025-01-23T06:00:00Z,8.882,87.469,2024-07-29T00:00:00Z
300534064136830,2025-01-23T12:00:00Z,8.955,87.472,2024-07-29T00:00:00Z
300534064136830,2025-01-23T18:00:00Z,9.039,87.486,2024-07-29T00:00:00Z
300534064136830,2025-01-24T00:00:00Z,9.138,87.475,2024-07-29T00:00:00Z
300534064136830,2025-01-24T06:00:00Z,9.252,87.435,2024-07-29T00:00:00Z
300534064136830,2025-01-24T12:00:00Z,9.371,87.369,2024-07-29T00:00:00Z
300534064136830,2025-01-24T18:00:00Z,9.503,87.325,2024-07-29T00:00:00Z
300534064136830,2025-01-25T00:00:00Z,9.612,87.253,2024-07-29T00:00:00Z
300534064136830,2025-01-25T06:00:00Z,9.714,87.139,2024-07-29T00:00:00Z
300534064136830,2025-01-25T12:00:00Z,9.798,87.003,2024-07-29T00:00:00Z
300534064136830,2025-01-25T18:00:00Z,9.841,86.854,2024-07-29T00:00:00Z
300534064136830,2025-01-26T00:00:00Z,9.886,86.671,2024-07-29T00:00:00Z
300534064136830,2025-01-26T06:00:00Z,9.931,86.472,2024-07-29T00:00:00Z
300534064136830,2025-01-26T12:00:00Z,9.995,86.287,2024-07-29T00:00:00Z
300534064136830,2025-01-26T18:00:00Z,10.039,86.099,2024-07-29T00:00:00Z
300534064136830,2025-01-27T00:00:00Z,10.098,85.908,2024-07-29T00:00:00Z
300534064136830,2025-01-27T06:00:00Z,10.144,85.708,2024-07-29T00:00:00Z
300534064136830,2025-01-27T12:00:00Z,10.201,85.517,2024-07-29T00:00:00Z
300534064136830,2025-01-27T18:00:00Z,10.227,85.338,2024-07-29T00:00:00Z
300534064136830,2025-01-28T00:00:00Z,10.257,85.174,2024-07-29T00:00:00Z
300534064136830,2025-01-28T06:00:00Z,10.274,84.989,2024-07-29T00:00:00Z
300534064136830,2025-01-28T12:00:00Z,10.303,84.783,2024-07-29T00:00:00Z
300534064136830,2025-01-28T18:00:00Z,10.33,84.589,2024-07-29T00:00:00Z
300534064136830,2025-01-29T00:00:00Z,10.376,84.401,2024-07-29T00:00:00Z
300534064136830,2025-01-29T06:00:00Z,10.401,84.261,2024-07-29T00:00:00Z
300534064136830,2025-01-29T12:00:00Z,10.403,84.108,2024-07-29T00:00:00Z
300534064136830,2025-01-29T18:00:00Z,10.402,83.941,2024-07-29T00:00:00Z
300534064136830,2025-01-30T00:00:00Z,10.434,83.777,2024-07-29T00:00:00Z
300534064136830,2025-01-30T06:00:00Z,10.493,83.61,2024-07-29T00:00:00Z
300534064136830,2025-01-30T12:00:00Z,10.591,83.463,2024-07-29T00:00:00Z
300534064136830,2025-01-30T18:00:00Z,10.681,83.366,2024-07-29T00:00:00Z
300534064136830,2025-01-31T00:00:00Z,10.738,83.286,2024-07-29T00:00:00Z
300534064136830,2025-01-31T06:00:00Z,10.804,83.197,2024-07-29T00:00:00Z
300534064136830,2025-01-31T12:00:00Z,10.825,83.096,2024-07-29T00:00:00Z
300534064136830,2025-01-31T18:00:00Z,10.831,82.99,2024-07-29T00:00:00Z
300534064136830,2025-02-01T00:00:00Z,10.814,82.826,2024-07-29T00:00:00Z
300534064136830,2025-02-01T06:00:00Z,10.848,82.643,2024-07-29T00:00:00Z
300534064136830,2025-02-01T12:00:00Z,10.881,82.452,2024-07-29T00:00:00Z
300534064136830,2025-02-01T18:00:00Z,10.93,82.288,2024-07-29T00:00:00Z
300534064136830,2025-02-02T00:00:00Z,11.004,82.172,2024-07-29T00:00:00Z
300534064136830,2025-02-02T06:00:00Z,11.077,82.088,2024-07-29T00:00:00Z
300534064136830,2025-02-02T12:00:00Z,11.119,82.043,2024-07-29T00:00:00Z
300534064136830,2025-02-02T18:00:00Z,11.122,82.017,2024-07-29T00:00:00Z
300534064136830,2025-02-03T00:00:00Z,11.086,81.983,2024-07-29T00:00:00Z
300534064136830,2025-02-03T06:00:00Z,11.036,81.912,2024-07-29T00:00:00Z
300534064136830,2025-02-03T12:00:00Z,11.007,81.801,2024-07-29T00:00:00Z
300534064136830,2025-02-03T18:00:00Z,11.0,81.715,2024-07-29T00:00:00Z
300534064136830,2025-02-04T00:00:00Z,10.993,81.647,2024-07-29T00:00:00Z
300534064136830,2025-02-04T06:00:00Z,10.997,81.589,2024-07-29T00:00:00Z
300534064136830,2025-02-04T12:00:00Z,10.991,81.549,2024-07-29T00:00:00Z
300534064136830,2025-02-04T18:00:00Z,10.972,81.494,2024-07-29T00:00:00Z
300534064136830,2025-02-05T00:00:00Z,10.959,81.45,2024-07-29T00:00:00Z
300534064136830,2025-02-05T06:00:00Z,10.921,81.424,2024-07-29T00:00:00Z
300534064136830,2025-02-05T12:00:00Z,10.855,81.336,2024-07-29T00:00:00Z
300534064136830,2025-02-05T18:00:00Z,10.825,81.264,2024-07-29T00:00:00Z
300534064136830,2025-02-06T00:00:00Z,10.814,81.189,2024-07-29T00:00:00Z
300534064136830,2025-02-06T06:00:00Z,10.806,81.141,2024-07-29T00:00:00Z
300534064136830,2025-02-06T12:00:00Z,10.79,81.103,2024-07-29T00:00:00Z
300534064136830,2025-02-06T18:00:00Z,10.752,81.069,2024-07-29T00:00:00Z
300534064136830,2025-02-07T00:00:00Z,10.718,81.053,2024-07-29T00:00:00Z
300534064136830,2025-02-07T06:00:00Z,10.661,81.025,2024-07-29T00:00:00Z
300534064136830,2025-02-07T12:00:00Z,10.585,81.007,2024-07-29T00:00:00Z
300534064136830,2025-02-07T18:00:00Z,10.502,80.976,2024-07-29T00:00:00Z
300534064136830,2025-02-08T00:00:00Z,10.436,80.955,2024-07-29T00:00:00Z
300534064136830,2025-02-08T06:00:00Z,10.357,80.949,2024-07-29T00:00:00Z
300534064136830,2025-02-08T12:00:00Z,10.276,80.95,2024-07-29T00:00:00Z
300534064136830,2025-02-08T18:00:00Z,10.19,80.976,2024-07-29T00:00:00Z
300534064136830,2025-02-09T00:00:00Z,10.087,81.006,2024-07-29T00:00:00Z
300534064136830,2025-02-09T06:00:00Z,9.977,81.033,2024-07-29T00:00:00Z
300534064136830,2025-02-09T12:00:00Z,9.851,81.044,2024-07-29T00:00:00Z
300534064136830,2025-02-09T18:00:00Z,9.739,81.073,2024-07-29T00:00:00Z
300534064136830,2025-02-10T00:00:00Z,9.631,81.128,2024-07-29T00:00:00Z
300534064136830,2025-02-10T06:00:00Z,9.529,81.193,2024-07-29T00:00:00Z
300534064136830,2025-02-10T12:00:00Z,9.419,81.296,2024-07-29T00:00:00Z
300534064136830,2025-02-10T18:00:00Z,9.293,81.404,2024-07-29T00:00:00Z
300534064136830,2025-02-11T00:00:00Z,9.162,81.523,2024-07-29T00:00:00Z
300534064136830,2025-02-11T06:00:00Z,9.048,81.61,2024-07-29T00:00:00Z
300534064136830,2025-02-11T12:00:00Z,8.97,81.633,2024-07-29T00:00:00Z
300534064136830,2025-02-11T18:00:00Z,8.925,81.628,2024-07-29T00:00:00Z
300534064136830,2025-02-12T00:00:00Z,8.876,81.571,2024-07-29T00:00:00Z
300534064136830,2025-02-12T06:00:00Z,8.852,81.508,2024-07-29T00:00:00Z
300534064136830,2025-02-12T12:00:00Z,8.837,81.422,2024-07-29T00:00:00Z
300534064136830,2025-02-12T18:00:00Z,8.852,81.322,2024-07-29T00:00:00Z
300534064136830,2025-02-13T00:00:00Z,8.878,81.245,2024-07-29T00:00:00Z
300534064136830,2025-02-13T06:00:00Z,8.948,81.188,2024-07-29T00:00:00Z
300534064136830,2025-02-13T12:00:00Z,8.983,81.163,2024-07-29T00:00:00Z
300534064136830,2025-02-13T18:00:00Z,9.028,81.12,2024-07-29T00:00:00Z
300534064136830,2025-02-14T00:00:00Z,9.061,81.071,2024-07-29T00:00:00Z
300534064136830,2025-02-14T06:00:00Z,9.105,81.016,2024-07-29T00:00:00Z
300534064136830,2025-02-14T12:00:00Z,9.096,80.986,2024-07-29T00:00:00Z
300534064136830,2025-02-14T18:00:00Z,9.065,80.981,2024-07-29T00:00:00Z
300534064136830,2025-02-15T00:00:00Z,9.073,80.969,2024-07-29T00:00:00Z
300534064136830,2025-02-15T06:00:00Z,9.14,80.966,2024-07-29T00:00:00Z
300534064136830,2025-02-15T12:00:00Z,9.193,80.951,2024-07-29T00:00:00Z
300534064136830,2025-02-15T18:00:00Z,9.215,80.924,2024-07-29T00:00:00Z
300534064136830,2025-02-16T00:00:00Z,9.264,80.9,2024-07-29T00:00:00Z
300534064136830,2025-02-16T06:00:00Z,9.308,80.875,2024-07-29T00:00:00Z
300534064136830,2025-02-16T12:00:00Z,9.357,80.85,2024-07-29T00:00:00Z
300534064136830,2025-02-16T18:00:00Z,9.372,80.806,2024-07-29T00:00:00Z
300534064136830,2025-02-17T00:00:00Z,9.373,80.775,2024-07-29T00:00:00Z
300534064137260,2025-01-01T00:00:00Z,9.729,86.91,2024-07-24T00:00:00Z
300534064137260,2025-01-01T06:00:00Z,9.71,86.793,2024-07-24T00:00:00Z
300534064137260,2025-01-01T12:00:00Z,9.685,86.694,2024-07-24T00:00:00Z
300534064137260,2025-01-01T18:00:00Z,9.644,86.599,2024-07-24T00:00:00Z
300534064137260,2025-01-02T00:00:00Z,9.593,86.529,2024-07-24T00:00:00Z
300534064137260,2025-01-02T06:00:00Z,9.529,86.473,2024-07-24T00:00:00Z
300534064137260,2025-01-02T12:00:00Z,9.475,86.429,2024-07-24T00:00:00Z
300534064137260,2025-01-02T18:00:00Z,9.406,86.427,2024-07-24T00:00:00Z
300534064137260,2025-01-03T00:00:00Z,9.306,86.423,2024-07-24T00:00:00Z
300534064137260,2025-01-03T06:00:00Z,9.177,86.419,2024-07-24T00:00:00Z
300534064137260,2025-01-03T12:00:00Z,9.016,86.395,2024-07-24T00:00:00Z
300534064137260,2025-01-03T18:00:00Z,8.854,86.344,2024-07-24T00:00:00Z
300534064137260,2025-01-04T00:00:00Z,8.692,86.28,2024-07-24T00:00:00Z
300534064137260,2025-01-04T06:00:00Z,8.55,86.223,2024-07-24T00:00:00Z
300534064137260,2025-01-04T12:00:00Z,8.39,86.205,2024-07-24T00:00:00Z
300534064137260,2025-01-04T18:00:00Z,8.257,86.186,2024-07-24T00:00:00Z
300534064137260,2025-01-05T00:00:00Z,8.144,86.196,2024-07-24T00:00:00Z
300534064137260,2025-01-05T06:00:00Z,8.047,86.221,2024-07-24T00:00:00Z
300534064137260,2025-01-05T12:00:00Z,7.942,86.296,2024-07-24T00:00:00Z
300534064137260,2025-01-05T18:00:00Z,7.818,86.387,2024-07-24T00:00:00Z
300534064137260,2025-01-06T00:00:00Z,7.696,86.49,2024-07-24T00:00:00Z
300534064137260,2025-01-06T06:00:00Z,7.573,86.594,2024-07-24T00:00:00Z
300534064137260,2025-01-06T12:00:00Z,7.448,86.671,2024-07-24T00:00:00Z
300534064137260,2025-01-06T18:00:00Z,7.335,86.742,2024-07-24T00:00:00Z
300534064137260,2025-01-07T00:00:00Z,7.228,86.796,2024-07-24T00:00:00Z
300534064137260,2025-01-07T06:00:00Z,7.158,86.868,2024-07-24T00:00:00Z
300534064137260,2025-01-07T12:00:00Z,7.107,86.936,2024-07-24T00:00:00Z
300534064137260,2025-01-07T18:00:00Z,7.087,87.014,2024-07-24T00:00:00Z
300534064137260,2025-01-08T00:00:00Z,7.063,87.102,2024-07-24T00:00:00Z
300534064137260,2025-01-08T06:00:00Z,7.042,87.192,2024-07-24T00:00:00Z
300534064137260,2025-01-08T12:00:00Z,7.041,87.3,2024-07-24T00:00:00Z
300534064137260,2025-01-08T18:00:00Z,7.064,87.433,2024-07-24T00:00:00Z
300534064137260,2025-01-09T00:00:00Z,7.088,87.598,2024-07-24T00:00:00Z
300534064137260,2025-01-09T06:00:00Z,7.13,87.758,2024-07-24T00:00:00Z
300534064137260,2025-01-09T12:00:00Z,7.15,87.883,2024-07-24T00:00:00Z
300534064137260,2025-01-09T18:00:00Z,7.205,88.009,2024-07-24T00:00:00Z
300534064137260,2025-01-10T00:00:00Z,7.281,88.117,2024-07-24T00:00:00Z
300534064137260,2025-01-10T06:00:00Z,7.374,88.192,2024-07-24T00:00:00Z
300534064137260,2025-01-10T12:00:00Z,7.487,88.245,2024-07-24T00:00:00Z
300534064137260,2025-01-10T18:00:00Z,7.608,88.289,2024-07-24T00:00:00Z
300534064137260,2025-01-11T00:00:00Z,7.723,88.313,2024-07-24T00:00:00Z
300534064137260,2025-01-11T06:00:00Z,7.825,88.299,2024-07-24T00:00:00Z
300534064137260,2025-01-11T12:00:00Z,7.967,88.282,2024-07-24T00:00:00Z
300534064137260,2025-01-11T18:00:00Z,8.097,88.262,2024-07-24T00:00:00Z
300534064137260,2025-01-12T00:00:00Z,8.249,88.245,2024-07-24T00:00:00Z
300534064137260,2025-01-12T06:00:00Z,8.381,88.218,2024-07-24T00:00:00Z
300534064137260,2025-01-12T12:00:00Z,8.521,88.178,2024-07-24T00:00:00Z
300534064137260,2025-01-12T18:00:00Z,8.659,88.148,2024-07-24T00:00:00Z
300534064137260,2025-01-13T00:00:00Z,8.806,88.121,2024-07-24T00:00:00Z
300534064137260,2025-01-13T06:00:00Z,8.921,88.075,2024-07-24T00:00:00Z
300534064137260,2025-01-13T12:00:00Z,9.03,88.006,2024-07-24T00:00:00Z
300534064137260,2025-01-13T18:00:00Z,9.144,87.915,2024-07-24T00:00:00Z
300534064137260,2025-01-14T00:00:00Z,9.248,87.831,2024-07-24T00:00:00Z
300534064137260,2025-01-14T06:00:00Z,9.329,87.729,2024-07-24T00:00:00Z
300534064137260,2025-01-14T12:00:00Z,9.396,87.605,2024-07-24T00:00:00Z
300534064137260,2025-01-14T18:00:00Z,9.456,87.471,2024-07-24T00:00:00Z
300534064137260,2025-01-15T00:00:00Z,9.487,87.324,2024-07-24T00:00:00Z
300534064137260,2025-01-15T06:00:00Z,9.509,87.148,2024-07-24T00:00:00Z
300534064137260,2025-01-15T12:00:00Z,9.521,86.952,2024-07-24T00:00:00Z
300534064137260,2025-01-15T18:00:00Z,9.54,86.733,2024-07-24T00:00:00Z
300534064137260,2025-01-16T00:00:00Z,9.564,86.533,2024-07-24T00:00:00Z
300534064137260,2025-01-16T06:00:00Z,9.586,86.342,2024-07-24T00:00:00Z
300534064137260,2025-01-16T12:00:00Z,9.575,86.159,2024-07-24T00:00:00Z
300534064137260,2025-01-16T18:00:00Z,9.551,85.988,2024-07-24T00:00:00Z
300534064137260,2025-01-17T00:00:00Z,9.512,85.829,2024-07-24T00:00:00Z
300534064137260,2025-01-17T06:00:00Z,9.465,85.663,2024-07-24T00:00:00Z
300534064137260,2025-01-17T12:00:00Z,9.44,85.481,2024-07-24T00:00:00Z
300534064137260,2025-01-17T18:00:00Z,9.44,85.315,2024-07-24T00:00:00Z
300534064137260,2025-01-18T00:00:00Z,9.472,85.187,2024-07-24T00:00:00Z
300534064137260,2025-01-18T06:00:00Z,9.503,85.053,2024-07-24T00:00:00Z
300534064137260,2025-01-18T12:00:00Z,9.536,84.918,2024-07-24T00:00:00Z
300534064137260,2025-01-18T18:00:00Z,9.587,84.819,2024-07-24T00:00:00Z
300534064137260,2025-01-19T00:00:00Z,9.603,84.709,2024-07-24T00:00:00Z
300534064137260,2025-01-19T06:00:00Z,9.618,84.585,2024-07-24T00:00:00Z
300534064137260,2025-01-19T12:00:00Z,9.641,84.433,2024-07-24T00:00:00Z
300534064137260,2025-01-19T18:00:00Z,9.698,84.287,2024-07-24T00:00:00Z
300534064137260,2025-01-20T00:00:00Z,9.762,84.137,2024-07-24T00:00:00Z
300534064137260,2025-01-20T06:00:00Z,9.82,83.999,2024-07-24T00:00:00Z
300534064137260,2025-01-20T12:00:00Z,9.851,83.85,2024-07-24T00:00:00Z
300534064137260,2025-01-20T18:00:00Z,9.88,83.682,2024-07-24T00:00:00Z
300534064137260,2025-01-21T00:00:00Z,9.927,83.509,2024-07-24T00:00:00Z
300534064137260,2025-01-21T06:00:00Z,9.972,83.338,2024-07-24T00:00:00Z
300534064137260,2025-01-21T12:00:00Z,10.04,83.19,2024-07-24T00:00:00Z
300534064137260,2025-01-21T18:00:00Z,10.12,83.052,2024-07-24T00:00:00Z
300534064137260,2025-01-22T00:00:00Z,10.217,82.947,2024-07-24T00:00:00Z
300534064137260,2025-01-22T06:00:00Z,10.323,82.898,2024-07-24T00:00:00Z
300534064137260,2025-01-22T12:00:00Z,10.372,82.834,2024-07-24T00:00:00Z
300534064137260,2025-01-22T18:00:00Z,10.425,82.755,2024-07-24T00:00:00Z
300534064137260,2025-01-23T00:00:00Z,10.458,82.669,2024-07-24T00:00:00Z
300534064137260,2025-01-23T06:00:00Z,10.525,82.563,2024-07-24T00:00:00Z
300534064137260,2025-01-23T12:00:00Z,10.606,82.462,2024-07-24T00:00:00Z
300534064137260,2025-01-23T18:00:00Z,10.661,82.39,2024-07-24T00:00:00Z
300534064137260,2025-01-24T00:00:00Z,10.702,82.325,2024-07-24T00:00:00Z
300534064137260,2025-01-24T06:00:00Z,10.745,82.255,2024-07-24T00:00:00Z
300534064137260,2025-01-24T12:00:00Z,10.776,82.176,2024-07-24T00:00:00Z
300534064137260,2025-01-24T18:00:00Z,10.808,82.113,2024-07-24T00:00:00Z
300534064137260,2025-01-25T00:00:00Z,10.821,82.03,2024-07-24T00:00:00Z
300534064137260,2025-01-25T06:00:00Z,10.825,81.959,2024-07-24T00:00:00Z
300534064137260,2025-01-25T12:00:00Z,10.808,81.878,2024-07-24T00:00:00Z
300534064137260,2025-01-25T18:00:00Z,10.777,81.795,2024-07-24T00:00:00Z
300534064137260,2025-01-26T00:00:00Z,10.767,81.723,2024-07-24T00:00:00Z
300534064137260,2025-01-26T06:00:00Z,10.737,81.639,2024-07-24T00:00:00Z
300534064137260,2025-01-26T12:00:00Z,10.71,81.559,2024-07-24T00:00:00Z
300534064137260,2025-01-26T18:00:00Z,10.687,81.486,2024-07-24T00:00:00Z
300534064137260,2025-01-27T00:00:00Z,10.661,81.442,2024-07-24T00:00:00Z
300534064137260,2025-01-27T06:00:00Z,10.607,81.414,2024-07-24T00:00:00Z
300534064137260,2025-01-27T12:00:00Z,10.535,81.345,2024-07-24T00:00:00Z
300534064137260,2025-01-27T18:00:00Z,10.457,81.292,2024-07-24T00:00:00Z
300534064137260,2025-01-28T00:00:00Z,10.369,81.227,2024-07-24T00:00:00Z
300534064137260,2025-01-28T06:00:00Z,10.287,81.199,2024-07-24T00:00:00Z
300534064137260,2025-01-28T12:00:00Z,10.199,81.178,2024-07-24T00:00:00Z
300534064137260,2025-01-28T18:00:00Z,10.105,81.167,2024-07-24T00:00:00Z
300534064137260,2025-01-29T00:00:00Z,9.988,81.186,2024-07-24T00:00:00Z
300534064137260,2025-01-29T06:00:00Z,9.83,81.223,2024-07-24T00:00:00Z
300534064137260,2025-01-29T12:00:00Z,9.641,81.24,2024-07-24T00:00:00Z
300534064137260,2025-01-29T18:00:00Z,9.452,81.254,2024-07-24T00:00:00Z
300534064137260,2025-01-30T00:00:00Z,9.244,81.267,2024-07-24T00:00:00Z
300534064137260,2025-01-30T06:00:00Z,9.062,81.307,2024-07-24T00:00:00Z
300534064137260,2025-01-30T12:00:00Z,8.909,81.331,2024-07-24T00:00:00Z
300534064137260,2025-01-30T18:00:00Z,8.794,81.399,2024-07-24T00:00:00Z
300534064137260,2025-01-31T00:00:00Z,8.698,81.498,2024-07-24T00:00:00Z
300534064137260,2025-01-31T06:00:00Z,8.626,81.596,2024-07-24T00:00:00Z
300534064137260,2025-01-31T12:00:00Z,8.552,81.675,2024-07-24T00:00:00Z
300534064137260,2025-01-31T18:00:00Z,8.501,81.728,2024-07-24T00:00:00Z
300534064137260,2025-02-01T00:00:00Z,8.472,81.747,2024-07-24T00:00:00Z
300534064137260,2025-02-01T06:00:00Z,8.477,81.763,2024-07-24T00:00:00Z
300534064137260,2025-02-01T12:00:00Z,8.472,81.807,2024-07-24T00:00:00Z
300534064137260,2025-02-01T18:00:00Z,8.485,81.861,2024-07-24T00:00:00Z
300534064137260,2025-02-02T00:00:00Z,8.49,81.926,2024-07-24T00:00:00Z
300534064137260,2025-02-02T06:00:00Z,8.526,81.992,2024-07-24T00:00:00Z
300534064137260,2025-02-02T12:00:00Z,8.541,82.064,2024-07-24T00:00:00Z
300534064137260,2025-02-02T18:00:00Z,8.553,82.143,2024-07-24T00:00:00Z
300534064137260,2025-02-03T00:00:00Z,8.578,82.214,2024-07-24T00:00:00Z
300534064137260,2025-02-03T06:00:00Z,8.607,82.286,2024-07-24T00:00:00Z
300534064137260,2025-02-03T12:00:00Z,8.662,82.342,2024-07-24T00:00:00Z
300534064137260,2025-02-03T18:00:00Z,8.742,82.412,2024-07-24T00:00:00Z
300534064137260,2025-02-04T00:00:00Z,8.845,82.493,2024-07-24T00:00:00Z
300534064137260,2025-02-04T06:00:00Z,8.94,82.61,2024-07-24T00:00:00Z
300534064137260,2025-02-04T12:00:00Z,9.003,82.708,2024-07-24T00:00:00Z
300534064137260,2025-02-04T18:00:00Z,9.08,82.803,2024-07-24T00:00:00Z
300534064137260,2025-02-05T00:00:00Z,9.159,82.888,2024-07-24T00:00:00Z
300534064137260,2025-02-05T06:00:00Z,9.264,82.943,2024-07-24T00:00:00Z
300534064137260,2025-02-05T12:00:00Z,9.362,83.022,2024-07-24T00:00:00Z
300534064137260,2025-02-05T18:00:00Z,9.483,83.079,2024-07-24T00:00:00Z
300534064137260,2025-02-06T00:00:00Z,9.609,83.173,2024-07-24T00:00:00Z
300534064137260,2025-02-06T06:00:00Z,9.755,83.225,2024-07-24T00:00:00Z
300534064137260,2025-02-06T12:00:00Z,9.888,83.305,2024-07-24T00:00:00Z
300534064137260,2025-02-06T18:00:00Z,9.987,83.373,2024-07-24T00:00:00Z
300534064137260,2025-02-07T00:00:00Z,10.069,83.427,2024-07-24T00:00:00Z
300534064137260,2025-02-07T06:00:00Z,10.152,83.449,2024-07-24T00:00:00Z
300534064137260,2025-02-07T12:00:00Z,10.198,83.455,2024-07-24T00:00:00Z
300534064137260,2025-02-07T18:00:00Z,10.275,83.449,2024-07-24T00:00:00Z
300534064137260,2025-02-08T00:00:00Z,10.339,83.43,2024-07-24T00:00:00Z
300534064137260,2025-02-08T06:00:00Z,10.412,83.393,2024-07-24T00:00:00Z
300534064137260,2025-02-08T12:00:00Z,10.467,83.339,2024-07-24T00:00:00Z
300534064137260,2025-02-08T18:00:00Z,10.52,83.289,2024-07-24T00:00:00Z
300534064137260,2025-02-09T00:00:00Z,10.543,83.245,2024-07-24T00:00:00Z
300534064137260,2025-02-09T06:00:00Z,10.552,83.138,2024-07-24T00:00:00Z
300534064137260,2025-02-09T12:00:00Z,10.581,83.044,2024-07-24T00:00:00Z
300534064137260,2025-02-09T18:00:00Z,10.595,82.915,2024-07-24T00:00:00Z
300534064137260,2025-02-10T00:00:00Z,10.667,82.794,2024-07-24T00:00:00Z
300534064137260,2025-02-10T06:00:00Z,10.72,82.705,2024-07-24T00:00:00Z
300534064137260,2025-02-10T12:00:00Z,10.756,82.585,2024-07-24T00:00:00Z
300534064137260,2025-02-10T18:00:00Z,10.775,82.492,2024-07-24T00:00:00Z
300534064137260,2025-02-11T00:00:00Z,10.773,82.414,2024-07-24T00:00:00Z
300534064137260,2025-02-11T06:00:00Z,10.765,82.299,2024-07-24T00:00:00Z
300534064137260,2025-02-11T12:00:00Z,10.766,82.181,2024-07-24T00:00:00Z
300534064137260,2025-02-11T18:00:00Z,10.793,82.066,2024-07-24T00:00:00Z
300534064137260,2025-02-12T00:00:00Z,10.837,81.965,2024-07-24T00:00:00Z
300534064137260,2025-02-12T06:00:00Z,10.86,81.906,2024-07-24T00:00:00Z
300534064137260,2025-02-12T12:00:00Z,10.856,81.849,2024-07-24T00:00:00Z
300534064139010,2025-01-07T12:00:00Z,11.068,86.818,2025-01-07T00:00:00Z
300534064139010,2025-01-07T18:00:00Z,11.186,86.787,2025-01-07T00:00:00Z
300534064139010,2025-01-08T00:00:00Z,11.295,86.741,2025-01-07T00:00:00Z
300534064139010,2025-01-08T06:00:00Z,11.417,86.705,2025-01-07T00:00:00Z
300534064139010,2025-01-08T12:00:00Z,11.544,86.663,2025-01-07T00:00:00Z
300534064139010,2025-01-08T18:00:00Z,11.68,86.632,2025-01-07T00:00:00Z
300534064139010,2025-01-09T00:00:00Z,11.835,86.615,2025-01-07T00:00:00Z
300534064139010,2025-01-09T06:00:00Z,11.982,86.589,2025-01-07T00:00:00Z
300534064139010,2025-01-09T12:00:00Z,12.101,86.56,2025-01-07T00:00:00Z
300534064139010,2025-01-09T18:00:00Z,12.189,86.515,2025-01-07T00:00:00Z
300534064139010,2025-01-10T00:00:00Z,12.289,86.503,2025-01-07T00:00:00Z
300534064139010,2025-01-10T06:00:00Z,12.335,86.495,2025-01-07T00:00:00Z
300534064139010,2025-01-10T12:00:00Z,12.377,86.485,2025-01-07T00:00:00Z
300534064139010,2025-01-10T18:00:00Z,12.415,86.454,2025-01-07T00:00:00Z
300534064139010,2025-01-11T00:00:00Z,12.465,86.415,2025-01-07T00:00:00Z
300534064139010,2025-01-11T06:00:00Z,12.525,86.381,2025-01-07T00:00:00Z
300534064139010,2025-01-11T12:00:00Z,12.613,86.345,2025-01-07T00:00:00Z
300534064139010,2025-01-11T18:00:00Z,12.728,86.371,2025-01-07T00:00:00Z
300534064139010,2025-01-12T00:00:00Z,12.803,86.395,2025-01-07T00:00:00Z
300534064139010,2025-01-12T06:00:00Z,12.865,86.41,2025-01-07T00:00:00Z
300534064139010,2025-01-12T12:00:00Z,12.895,86.375,2025-01-07T00:00:00Z
300534064139010,2025-01-12T18:00:00Z,12.926,86.355,2025-01-07T00:00:00Z
300534064139010,2025-01-13T00:00:00Z,12.946,86.302,2025-01-07T00:00:00Z
300534064139010,2025-01-13T06:00:00Z,12.989,86.268,2025-01-07T00:00:00Z
300534064139010,2025-01-13T12:00:00Z,13.028,86.226,2025-01-07T00:00:00Z
300534064139010,2025-01-13T18:00:00Z,13.072,86.192,2025-01-07T00:00:00Z
300534064139010,2025-01-14T00:00:00Z,13.098,86.177,2025-01-07T00:00:00Z
300534064139010,2025-01-14T06:00:00Z,13.113,86.156,2025-01-07T00:00:00Z
300534064139010,2025-01-14T12:00:00Z,13.102,86.129,2025-01-07T00:00:00Z
300534064139010,2025-01-14T18:00:00Z,13.101,86.067,2025-01-07T00:00:00Z
300534064139010,2025-01-15T00:00:00Z,13.112,86.001,2025-01-07T00:00:00Z
300534064139010,2025-01-15T06:00:00Z,13.136,85.941,2025-01-07T00:00:00Z
300534064139010,2025-01-15T12:00:00Z,13.173,85.877,2025-01-07T00:00:00Z
300534064139010,2025-01-15T18:00:00Z,13.197,85.835,2025-01-07T00:00:00Z
300534064139010,2025-01-16T00:00:00Z,13.201,85.818,2025-01-07T00:00:00Z
300534064139010,2025-01-16T06:00:00Z,13.21,85.799,2025-01-07T00:00:00Z
300534064139010,2025-01-16T12:00:00Z,13.197,85.758,2025-01-07T00:00:00Z
300534064139010,2025-01-16T18:00:00Z,13.191,85.714,2025-01-07T00:00:00Z
300534064139010,2025-01-17T00:00:00Z,13.172,85.666,2025-01-07T00:00:00Z
300534064139010,2025-01-17T06:00:00Z,13.141,85.625,2025-01-07T00:00:00Z
300534064139010,2025-01-17T12:00:00Z,13.121,85.548,2025-01-07T00:00:00Z
300534064139010,2025-01-17T18:00:00Z,13.124,85.466,2025-01-07T00:00:00Z
300534064139010,2025-01-18T00:00:00Z,13.128,85.373,2025-01-07T00:00:00Z
300534064139010,2025-01-18T06:00:00Z,13.131,85.299,2025-01-07T00:00:00Z
300534064139010,2025-01-18T12:00:00Z,13.125,85.177,2025-01-07T00:00:00Z
300534064139010,2025-01-18T18:00:00Z,13.11,85.063,2025-01-07T00:00:00Z
300534064139010,2025-01-19T00:00:00Z,13.11,84.985,2025-01-07T00:00:00Z
300534064139010,2025-01-19T06:00:00Z,13.091,84.913,2025-01-07T00:00:00Z
300534064139010,2025-01-19T12:00:00Z,13.066,84.858,2025-01-07T00:00:00Z
300534064139010,2025-01-19T18:00:00Z,13.021,84.793,2025-01-07T00:00:00Z
300534064139010,2025-01-20T00:00:00Z,13.005,84.751,2025-01-07T00:00:00Z
300534064139010,2025-01-20T06:00:00Z,12.991,84.726,2025-01-07T00:00:00Z
300534064139010,2025-01-20T12:00:00Z,12.971,84.715,2025-01-07T00:00:00Z
300534064139010,2025-01-20T18:00:00Z,12.947,84.697,2025-01-07T00:00:00Z
300534064139010,2025-01-21T00:00:00Z,12.95,84.689,2025-01-07T00:00:00Z
300534064139010,2025-01-21T06:00:00Z,12.956,84.71,2025-01-07T00:00:00Z
300534064139010,2025-01-21T12:00:00Z,12.93,84.731,2025-01-07T00:00:00Z
300534064139010,2025-01-21T18:00:00Z,12.909,84.738,2025-01-07T00:00:00Z
300534064139010,2025-01-22T00:00:00Z,12.886,84.726,2025-01-07T00:00:00Z
300534064139010,2025-01-22T06:00:00Z,12.894,84.701,2025-01-07T00:00:00Z
300534064139010,2025-01-22T12:00:00Z,12.876,84.734,2025-01-07T00:00:00Z
300534064139010,2025-01-22T18:00:00Z,12.868,84.802,2025-01-07T00:00:00Z
300534064139010,2025-01-23T00:00:00Z,12.866,84.87,2025-01-07T00:00:00Z
300534064139010,2025-01-23T06:00:00Z,12.874,84.946,2025-01-07T00:00:00Z
300534064139010,2025-01-23T12:00:00Z,12.868,85.024,2025-01-07T00:00:00Z
300534064139010,2025-01-23T18:00:00Z,12.905,85.122,2025-01-07T00:00:00Z
300534064139010,2025-01-24T00:00:00Z,12.897,85.237,2025-01-07T00:00:00Z
300534064139010,2025-01-24T06:00:00Z,12.882,85.359,2025-01-07T00:00:00Z
300534064139010,2025-01-24T12:00:00Z,12.859,85.471,2025-01-07T00:00:00Z
300534064139010,2025-01-24T18:00:00Z,12.86,85.597,2025-01-07T00:00:00Z
300534064139010,2025-01-25T00:00:00Z,12.874,85.739,2025-01-07T00:00:00Z
300534064139010,2025-01-25T06:00:00Z,12.875,85.899,2025-01-07T00:00:00Z
300534064139010,2025-01-25T12:00:00Z,12.819,86.034,2025-01-07T00:00:00Z
300534064139010,2025-01-25T18:00:00Z,12.772,86.12,2025-01-07T00:00:00Z
300534064139010,2025-01-26T00:00:00Z,12.756,86.201,2025-01-07T00:00:00Z
300534064139010,2025-01-26T06:00:00Z,12.75,86.284,2025-01-07T00:00:00Z
300534064139010,2025-01-26T12:00:00Z,12.748,86.369,2025-01-07T00:00:00Z
300534064139010,2025-01-26T18:00:00Z,12.723,86.469,2025-01-07T00:00:00Z
300534064139010,2025-01-27T00:00:00Z,12.683,86.574,2025-01-07T00:00:00Z
300534064139010,2025-01-27T06:00:00Z,12.608,86.677,2025-01-07T00:00:00Z
300534064139010,2025-01-27T12:00:00Z,12.52,86.781,2025-01-07T00:00:00Z
300534064139010,2025-01-27T18:00:00Z,12.399,86.857,2025-01-07T00:00:00Z
300534064139010,2025-01-28T00:00:00Z,12.29,86.939,2025-01-07T00:00:00Z
300534064139010,2025-01-28T06:00:00Z,12.167,87.022,2025-01-07T00:00:00Z
300534064139010,2025-01-28T12:00:00Z,12.063,87.089,2025-01-07T00:00:00Z
300534064139010,2025-01-28T18:00:00Z,11.961,87.132,2025-01-07T00:00:00Z
300534064139010,2025-01-29T00:00:00Z,11.855,87.151,2025-01-07T00:00:00Z
300534064139010,2025-01-29T06:00:00Z,11.763,87.148,2025-01-07T00:00:00Z
300534064139010,2025-01-29T12:00:00Z,11.682,87.117,2025-01-07T00:00:00Z
300534064139010,2025-01-29T18:00:00Z,11.617,87.092,2025-01-07T00:00:00Z
300534064139010,2025-01-30T00:00:00Z,11.574,87.067,2025-01-07T00:00:00Z
300534064139010,2025-01-30T06:00:00Z,11.525,87.053,2025-01-07T00:00:00Z
300534064139010,2025-01-30T12:00:00Z,11.467,87.017,2025-01-07T00:00:00Z
300534064139010,2025-01-30T18:00:00Z,11.399,86.998,2025-01-07T00:00:00Z
300534064139010,2025-01-31T00:00:00Z,11.342,86.953,2025-01-07T00:00:00Z
300534064139010,2025-01-31T06:00:00Z,11.299,86.899,2025-01-07T00:00:00Z
300534064139010,2025-01-31T12:00:00Z,11.241,86.812,2025-01-07T00:00:00Z
300534064139010,2025-01-31T18:00:00Z,11.172,86.708,2025-01-07T00:00:00Z
300534064139010,2025-02-01T00:00:00Z,11.129,86.577,2025-01-07T00:00:00Z
300534064139010,2025-02-01T06:00:00Z,11.121,86.425,2025-01-07T00:00:00Z
300534064139010,2025-02-01T12:00:00Z,11.091,86.253,2025-01-07T00:00:00Z
300534064139010,2025-02-01T18:00:00Z,11.073,86.079,2025-01-07T00:00:00Z
300534064139010,2025-02-02T00:00:00Z,11.082,85.893,2025-01-07T00:00:00Z
300534064139010,2025-02-02T06:00:00Z,11.1,85.719,2025-01-07T00:00:00Z
300534064139010,2025-02-02T12:00:00Z,11.085,85.531,2025-01-07T00:00:00Z
300534064139010,2025-02-02T18:00:00Z,11.067,85.323,2025-01-07T00:00:00Z
300534064139010,2025-02-03T00:00:00Z,11.045,85.103,2025-01-07T00:00:00Z
300534064139010,2025-02-03T06:00:00Z,11.042,84.854,2025-01-07T00:00:00Z
300534064139010,2025-02-03T12:00:00Z,11.045,84.612,2025-01-07T00:00:00Z
300534064139010,2025-02-03T18:00:00Z,11.086,84.405,2025-01-07T00:00:00Z
300534064139010,2025-02-04T00:00:00Z,11.096,84.185,2025-01-07T00:00:00Z
300534064139010,2025-02-04T06:00:00Z,11.116,83.932,2025-01-07T00:00:00Z
300534064139010,2025-02-04T12:00:00Z,11.138,83.659,2025-01-07T00:00:00Z
300534064139010,2025-02-04T18:00:00Z,11.192,83.379,2025-01-07T00:00:00Z
300534064139010,2025-02-05T00:00:00Z,11.303,83.122,2025-01-07T00:00:00Z
300534064139010,2025-02-05T06:00:00Z,11.435,82.899,2025-01-07T00:00:00Z
300534064139010,2025-02-05T12:00:00Z,11.564,82.689,2025-01-07T00:00:00Z
300534064139010,2025-02-05T18:00:00Z,11.742,82.524,2025-01-07T00:00:00Z
300534064139010,2025-02-06T00:00:00Z,11.927,82.399,2025-01-07T00:00:00Z
300534064139010,2025-02-06T06:00:00Z,12.115,82.309,2025-01-07T00:00:00Z
300534064139010,2025-02-06T12:00:00Z,12.305,82.228,2025-01-07T00:00:00Z
300534064139010,2025-02-06T18:00:00Z,12.479,82.182,2025-01-07T00:00:00Z
300534064139010,2025-02-07T00:00:00Z,12.659,82.159,2025-01-07T00:00:00Z
300534064139010,2025-02-07T06:00:00Z,12.852,82.154,2025-01-07T00:00:00Z
300534064139010,2025-02-07T12:00:00Z,13.013,82.172,2025-01-07T00:00:00Z
300534064139010,2025-02-07T18:00:00Z,13.156,82.199,2025-01-07T00:00:00Z
300534064139010,2025-02-08T00:00:00Z,13.308,82.223,2025-01-07T00:00:00Z
300534064139010,2025-02-08T06:00:00Z,13.452,82.265,2025-01-07T00:00:00Z
300534064139010,2025-02-08T12:00:00Z,13.599,82.29,2025-01-07T00:00:00Z
300534064139010,2025-02-08T18:00:00Z,13.712,82.342,2025-01-07T00:00:00Z
300534064139010,2025-02-09T00:00:00Z,13.813,82.373,2025-01-07T00:00:00Z
300534064139010,2025-02-09T06:00:00Z,13.904,82.402,2025-01-07T00:00:00Z
300534064139010,2025-02-09T12:00:00Z,13.973,82.401,2025-01-07T00:00:00Z
300534064139010,2025-02-09T18:00:00Z,14.039,82.405,2025-01-07T00:00:00Z
300534064139010,2025-02-10T00:00:00Z,14.064,82.384,2025-01-07T00:00:00Z
300534064139010,2025-02-10T06:00:00Z,14.14,82.326,2025-01-07T00:00:00Z
300534064139010,2025-02-10T12:00:00Z,14.189,82.265,2025-01-07T00:00:00Z
300534064139010,2025-02-10T18:00:00Z,14.216,82.219,2025-01-07T00:00:00Z
300534064139010,2025-02-11T00:00:00Z,14.221,82.178,2025-01-07T00:00:00Z
300534064139010,2025-02-11T06:00:00Z,14.218,82.125,2025-01-07T00:00:00Z
300534064139010,2025-02-11T12:00:00Z,14.22,82.093,2025-01-07T00:00:00Z
300534064139010,2025-02-11T18:00:00Z,14.219,82.088,2025-01-07T00:00:00Z
300534064139010,2025-02-12T00:00:00Z,14.233,82.071,2025-01-07T00:00:00Z
300534064139010,2025-02-12T06:00:00Z,14.269,82.058,2025-01-07T00:00:00Z
300534064139010,2025-02-12T12:00:00Z,14.319,82.049,2025-01-07T00:00:00Z
300534064139010,2025-02-12T18:00:00Z,14.364,82.036,2025-01-07T00:00:00Z
300534064139010,2025-02-13T00:00:00Z,14.408,81.993,2025-01-07T00:00:00Z
300534064139010,2025-02-13T06:00:00Z,14.451,81.942,2025-01-07T00:00:00Z
300534064139010,2025-02-13T12:00:00Z,14.521,81.883,2025-01-07T00:00:00Z
300534064139010,2025-02-13T18:00:00Z,14.579,81.842,2025-01-07T00:00:00Z
300534064139010,2025-02-14T00:00:00Z,14.643,81.778,2025-01-07T00:00:00Z
300534064139010,2025-02-14T06:00:00Z,14.706,81.736,2025-01-07T00:00:00Z
300534064139010,2025-02-14T12:00:00Z,14.747,81.716,2025-01-07T00:00:00Z
300534064139010,2025-02-14T18:00:00Z,14.8,81.66,2025-01-07T00:00:00Z
300534064139010,2025-02-15T00:00:00Z,14.87,81.607,2025-01-07T00:00:00Z
300534064139010,2025-02-15T06:00:00Z,14.944,81.574,2025-01-07T00:00:00Z
300534064139010,2025-02-15T12:00:00Z,15.026,81.569,2025-01-07T00:00:00Z
300534064139010,2025-02-15T18:00:00Z,15.115,81.544,2025-01-07T00:00:00Z
300534064139010,2025-02-16T00:00:00Z,15.218,81.492,2025-01-07T00:00:00Z
300534064139010,2025-02-16T06:00:00Z,15.321,81.471,2025-01-07T00:00:00Z
300534064139010,2025-02-16T12:00:00Z,15.394,81.464,2025-01-07T00:00:00Z
300534064139010,2025-02-16T18:00:00Z,15.484,81.445,2025-01-07T00:00:00Z
300534064139010,2025-02-17T00:00:00Z,15.554,81.422,2025-01-07T00:00:00Z
300534064139010,2025-02-17T06:00:00Z,15.629,81.392,2025-01-07T00:00:00Z
300534064139010,2025-02-17T12:00:00Z,15.682,81.385,2025-01-07T00:00:00Z
300534064139010,2025-02-17T18:00:00Z,15.733,81.376,2025-01-07T00:00:00Z
300534064139010,2025-02-18T00:00:00Z,15.746,81.378,2025-01-07T00:00:00Z
300534064139010,2025-02-18T06:00:00Z,15.76,81.345,2025-01-07T00:00:00Z
300534064139010,2025-02-18T12:00:00Z,15.768,81.326,2025-01-07T00:00:00Z
300534064139010,2025-02-18T18:00:00Z,15.789,81.292,2025-01-07T00:00:00Z
300534064139010,2025-02-19T00:00:00Z,15.807,81.288,2025-01-07T00:00:00Z
300534064139010,2025-02-19T06:00:00Z,15.814,81.276,2025-01-07T00:00:00Z
300534064139010,2025-02-19T12:00:00Z,15.811,81.279,2025-01-07T00:00:00Z
300534064139010,2025-02-19T18:00:00Z,15.826,81.24,2025-01-07T00:00:00Z
300534064139010,2025-02-20T00:00:00Z,15.877,81.232,2025-01-07T00:00:00Z
300534064139010,2025-02-20T06:00:00Z,15.908,81.235,2025-01-07T00:00:00Z
300534064139100,2025-01-01T00:00:00Z,4.963,93.335,2024-08-10T00:00:00Z
300534064139100,2025-01-01T06:00:00Z,4.934,93.29,2024-08-10T00:00:00Z
300534064139100,2025-01-01T12:00:00Z,4.92,93.287,2024-08-10T00:00:00Z
300534064139100,2025-01-01T18:00:00Z,4.875,93.292,2024-08-10T00:00:00Z
300534064139100,2025-01-02T00:00:00Z,4.853,93.32,2024-08-10T00:00:00Z
300534064139100,2025-01-02T06:00:00Z,4.832,93.361,2024-08-10T00:00:00Z
300534064139100,2025-01-02T12:00:00Z,4.866,93.398,2024-08-10T00:00:00Z
300534064139100,2025-01-02T18:00:00Z,4.867,93.448,2024-08-10T00:00:00Z
300534064139100,2025-01-03T00:00:00Z,4.9,93.477,2024-08-10T00:00:00Z
300534064139100,2025-01-03T06:00:00Z,4.911,93.478,2024-08-10T00:00:00Z
300534064139100,2025-01-03T12:00:00Z,4.963,93.467,2024-08-10T00:00:00Z
300534064139100,2025-01-03T18:00:00Z,5.007,93.423,2024-08-10T00:00:00Z
300534064139100,2025-01-04T00:00:00Z,5.082,93.352,2024-08-10T00:00:00Z
300534064139100,2025-01-04T06:00:00Z,5.106,93.252,2024-08-10T00:00:00Z
300534064139100,2025-01-04T12:00:00Z,5.163,93.153,2024-08-10T00:00:00Z
300534064139100,2025-01-04T18:00:00Z,5.211,93.054,2024-08-10T00:00:00Z
300534064139100,2025-01-05T00:00:00Z,5.228,92.962,2024-08-10T00:00:00Z
300534064139100,2025-01-05T06:00:00Z,5.262,92.91,2024-08-10T00:00:00Z
300534064139100,2025-01-05T12:00:00Z,5.234,92.867,2024-08-10T00:00:00Z
300534064139100,2025-01-05T18:00:00Z,5.241,92.847,2024-08-10T00:00:00Z
300534064139100,2025-01-06T00:00:00Z,5.252,92.868,2024-08-10T00:00:00Z
300534064139100,2025-01-06T06:00:00Z,5.26,92.939,2024-08-10T00:00:00Z
300534064139100,2025-01-06T12:00:00Z,5.261,92.967,2024-08-10T00:00:00Z
300534064139100,2025-01-06T18:00:00Z,5.296,92.936,2024-08-10T00:00:00Z
300534064139100,2025-01-07T00:00:00Z,5.337,92.873,2024-08-10T00:00:00Z
300534064139100,2025-01-07T06:00:00Z,5.389,92.768,2024-08-10T00:00:00Z
300534064139100,2025-01-07T12:00:00Z,5.431,92.674,2024-08-10T00:00:00Z
300534064139100,2025-01-07T18:00:00Z,5.452,92.551,2024-08-10T00:00:00Z
300534064139100,2025-01-08T00:00:00Z,5.474,92.459,2024-08-10T00:00:00Z
300534064139100,2025-01-08T06:00:00Z,5.499,92.371,2024-08-10T00:00:00Z
300534064139100,2025-01-08T12:00:00Z,5.541,92.302,2024-08-10T00:00:00Z
300534064139100,2025-01-08T18:00:00Z,5.564,92.266,2024-08-10T00:00:00Z
300534064139100,2025-01-09T00:00:00Z,5.578,92.227,2024-08-10T00:00:00Z
300534064139100,2025-01-09T06:00:00Z,5.584,92.21,2024-08-10T00:00:00Z
300534064139100,2025-01-09T12:00:00Z,5.585,92.169,2024-08-10T00:00:00Z
300534064139100,2025-01-09T18:00:00Z,5.583,92.136,2024-08-10T00:00:00Z
300534064139100,2025-01-10T00:00:00Z,5.554,92.095,2024-08-10T00:00:00Z
300534064139100,2025-01-10T06:00:00Z,5.52,92.064,2024-08-10T00:00:00Z
300534064139100,2025-01-10T12:00:00Z,5.475,92.015,2024-08-10T00:00:00Z
300534064139100,2025-01-10T18:00:00Z,5.439,91.942,2024-08-10T00:00:00Z
300534064139100,2025-01-11T00:00:00Z,5.416,91.896,2024-08-10T00:00:00Z
300534064139100,2025-01-11T06:00:00Z,5.383,91.812,2024-08-10T00:00:00Z
300534064139100,2025-01-11T12:00:00Z,5.379,91.714,2024-08-10T00:00:00Z
300534064139100,2025-01-11T18:00:00Z,5.374,91.623,2024-08-10T00:00:00Z
300534064139100,2025-01-12T00:00:00Z,5.375,91.543,2024-08-10T00:00:00Z
300534064139100,2025-01-12T06:00:00Z,5.367,91.455,2024-08-10T00:00:00Z
300534064139100,2025-01-12T12:00:00Z,5.374,91.371,2024-08-10T00:00:00Z
300534064139100,2025-01-12T18:00:00Z,5.403,91.291,2024-08-10T00:00:00Z
300534064139100,2025-01-13T00:00:00Z,5.421,91.196,2024-08-10T00:00:00Z
300534064139100,2025-01-13T06:00:00Z,5.441,91.12,2024-08-10T00:00:00Z
300534064139100,2025-01-13T12:00:00Z,5.445,91.037,2024-08-10T00:00:00Z
300534064139100,2025-01-13T18:00:00Z,5.452,90.952,2024-08-10T00:00:00Z
300534064139100,2025-01-14T00:00:00Z,5.463,90.876,2024-08-10T00:00:00Z
300534064139100,2025-01-14T06:00:00Z,5.457,90.8,2024-08-10T00:00:00Z
300534064139100,2025-01-14T12:00:00Z,5.493,90.725,2024-08-10T00:00:00Z
300534064139100,2025-01-14T18:00:00Z,5.479,90.618,2024-08-10T00:00:00Z
300534064139100,2025-01-15T00:00:00Z,5.432,90.498,2024-08-10T00:00:00Z
300534064139100,2025-01-15T06:00:00Z,5.365,90.405,2024-08-10T00:00:00Z
300534064139100,2025-01-15T12:00:00Z,5.27,90.278,2024-08-10T00:00:00Z
300534064139100,2025-01-15T18:00:00Z,5.201,90.159,2024-08-10T00:00:00Z
300534064139100,2025-01-16T00:00:00Z,5.125,90.067,2024-08-10T00:00:00Z
300534064139100,2025-01-16T06:00:00Z,5.052,89.943,2024-08-10T00:00:00Z
300534064139100,2025-01-16T12:00:00Z,4.982,89.816,2024-08-10T00:00:00Z
300534064139100,2025-01-16T18:00:00Z,4.951,89.7,2024-08-10T00:00:00Z
300534064139100,2025-01-17T00:00:00Z,4.93,89.576,2024-08-10T00:00:00Z
300534064139100,2025-01-17T06:00:00Z,4.951,89.458,2024-08-10T00:00:00Z
300534064139100,2025-01-17T12:00:00Z,4.962,89.345,2024-08-10T00:00:00Z
300534064139100,2025-01-17T18:00:00Z,5.02,89.234,2024-08-10T00:00:00Z
300534064139100,2025-01-18T00:00:00Z,5.029,89.148,2024-08-10T00:00:00Z
300534064139100,2025-01-18T06:00:00Z,5.077,89.101,2024-08-10T00:00:00Z
300534064139100,2025-01-18T12:00:00Z,5.117,89.048,2024-08-10T00:00:00Z
300534064139100,2025-01-18T18:00:00Z,5.173,89.021,2024-08-10T00:00:00Z
300534064139100,2025-01-19T00:00:00Z,5.203,88.996,2024-08-10T00:00:00Z
300534064139100,2025-01-19T06:00:00Z,5.239,88.994,2024-08-10T00:00:00Z
300534064139100,2025-01-19T12:00:00Z,5.244,89.005,2024-08-10T00:00:00Z
300534064139100,2025-01-19T18:00:00Z,5.222,89.008,2024-08-10T00:00:00Z
300534064139100,2025-01-20T00:00:00Z,5.173,88.993,2024-08-10T00:00:00Z
300534064139100,2025-01-20T06:00:00Z,5.119,88.988,2024-08-10T00:00:00Z
300534064139100,2025-01-20T12:00:00Z,5.054,88.998,2024-08-10T00:00:00Z
300534064139100,2025-01-20T18:00:00Z,4.999,88.96,2024-08-10T00:00:00Z
300534064139100,2025-01-21T00:00:00Z,4.949,88.937,2024-08-10T00:00:00Z
300534064139100,2025-01-21T06:00:00Z,4.876,88.887,2024-08-10T00:00:00Z
300534064139100,2025-01-21T12:00:00Z,4.83,88.852,2024-08-10T00:00:00Z
300534064139100,2025-01-21T18:00:00Z,4.794,88.805,2024-08-10T00:00:00Z
300534064139100,2025-01-22T00:00:00Z,4.763,88.76,2024-08-10T00:00:00Z
300534064139100,2025-01-22T06:00:00Z,4.739,88.724,2024-08-10T00:00:00Z
300534064139100,2025-01-22T12:00:00Z,4.692,88.667,2024-08-10T00:00:00Z
300534064139100,2025-01-22T18:00:00Z,4.686,88.612,2024-08-10T00:00:00Z
300534064139100,2025-01-23T00:00:00Z,4.719,88.567,2024-08-10T00:00:00Z
300534064139100,2025-01-23T06:00:00Z,4.766,88.556,2024-08-10T00:00:00Z
300534064139100,2025-01-23T12:00:00Z,4.76,88.577,2024-08-10T00:00:00Z
300534064139100,2025-01-23T18:00:00Z,4.755,88.574,2024-08-10T00:00:00Z
300534064139100,2025-01-24T00:00:00Z,4.728,88.563,2024-08-10T00:00:00Z
300534064139100,2025-01-24T06:00:00Z,4.711,88.562,2024-08-10T00:00:00Z
300534064139100,2025-01-24T12:00:00Z,4.704,88.551,2024-08-10T00:00:00Z
300534064139100,2025-01-24T18:00:00Z,4.713,88.558,2024-08-10T00:00:00Z
300534064139100,2025-01-25T00:00:00Z,4.697,88.556,2024-08-10T00:00:00Z
300534064139100,2025-01-25T06:00:00Z,4.676,88.571,2024-08-10T00:00:00Z
300534064139100,2025-01-25T12:00:00Z,4.63,88.593,2024-08-10T00:00:00Z
300534064139100,2025-01-25T18:00:00Z,4.6,88.575,2024-08-10T00:00:00Z
300534064139100,2025-01-26T00:00:00Z,4.567,88.546,2024-08-10T00:00:00Z
300534064139100,2025-01-26T06:00:00Z,4.553,88.496,2024-08-10T00:00:00Z
300534064139100,2025-01-26T12:00:00Z,4.551,88.431,2024-08-10T00:00:00Z
300534064139100,2025-01-26T18:00:00Z,4.547,88.354,2024-08-10T00:00:00Z
300534064139100,2025-01-27T00:00:00Z,4.559,88.312,2024-08-10T00:00:00Z
300534064139100,2025-01-27T06:00:00Z,4.57,88.259,2024-08-10T00:00:00Z
300534064139100,2025-01-27T12:00:00Z,4.577,88.217,2024-08-10T00:00:00Z
300534064139100,2025-01-27T18:00:00Z,4.603,88.181,2024-08-10T00:00:00Z
300534064139100,2025-01-28T00:00:00Z,4.666,88.181,2024-08-10T00:00:00Z
300534064139100,2025-01-28T06:00:00Z,4.734,88.195,2024-08-10T00:00:00Z
300534064139100,2025-01-28T12:00:00Z,4.793,88.2,2024-08-10T00:00:00Z
300534064139100,2025-01-28T18:00:00Z,4.851,88.239,2024-08-10T00:00:00Z
300534064139100,2025-01-29T00:00:00Z,4.911,88.276,2024-08-10T00:00:00Z
300534064139100,2025-01-29T06:00:00Z,4.937,88.286,2024-08-10T00:00:00Z
300534064139100,2025-01-29T12:00:00Z,4.921,88.279,2024-08-10T00:00:00Z
300534064139100,2025-01-29T18:00:00Z,4.939,88.27,2024-08-10T00:00:00Z
300534064139100,2025-01-30T00:00:00Z,4.97,88.245,2024-08-10T00:00:00Z
300534064139100,2025-01-30T06:00:00Z,5.011,88.209,2024-08-10T00:00:00Z
300534064139100,2025-01-30T12:00:00Z,5.058,88.171,2024-08-10T00:00:00Z
300534064139100,2025-01-30T18:00:00Z,5.12,88.137,2024-08-10T00:00:00Z
300534064139100,2025-01-31T00:00:00Z,5.165,88.113,2024-08-10T00:00:00Z
300534064139100,2025-01-31T06:00:00Z,5.213,88.069,2024-08-10T00:00:00Z
300534064139100,2025-01-31T12:00:00Z,5.229,88.0,2024-08-10T00:00:00Z
300534064139100,2025-01-31T18:00:00Z,5.268,87.92,2024-08-10T00:00:00Z
300534064139100,2025-02-01T00:00:00Z,5.297,87.815,2024-08-10T00:00:00Z
300534064139100,2025-02-01T06:00:00Z,5.352,87.709,2024-08-10T00:00:00Z
300534064139100,2025-02-01T12:00:00Z,5.401,87.615,2024-08-10T00:00:00Z
300534064139100,2025-02-01T18:00:00Z,5.48,87.548,2024-08-10T00:00:00Z
300534064139100,2025-02-02T00:00:00Z,5.532,87.47,2024-08-10T00:00:00Z
300534064139100,2025-02-02T06:00:00Z,5.589,87.417,2024-08-10T00:00:00Z
300534064139100,2025-02-02T12:00:00Z,5.596,87.328,2024-08-10T00:00:00Z
300534064139100,2025-02-02T18:00:00Z,5.627,87.276,2024-08-10T00:00:00Z
300534064139100,2025-02-03T00:00:00Z,5.618,87.2,2024-08-10T00:00:00Z
300534064139100,2025-02-03T06:00:00Z,5.621,87.142,2024-08-10T00:00:00Z
300534064139100,2025-02-03T12:00:00Z,5.589,87.044,2024-08-10T00:00:00Z
300534064139100,2025-02-03T18:00:00Z,5.595,86.959,2024-08-10T00:00:00Z
300534064139100,2025-02-04T00:00:00Z,5.596,86.897,2024-08-10T00:00:00Z
300534064139100,2025-02-04T06:00:00Z,5.596,86.804,2024-08-10T00:00:00Z
300534064139100,2025-02-04T12:00:00Z,5.592,86.712,2024-08-10T00:00:00Z
300534064139100,2025-02-04T18:00:00Z,5.61,86.614,2024-08-10T00:00:00Z
300534064139100,2025-02-05T00:00:00Z,5.645,86.511,2024-08-10T00:00:00Z
300534064139100,2025-02-05T06:00:00Z,5.689,86.456,2024-08-10T00:00:00Z
300534064139100,2025-02-05T12:00:00Z,5.706,86.374,2024-08-10T00:00:00Z
300534064139100,2025-02-05T18:00:00Z,5.711,86.285,2024-08-10T00:00:00Z
300534064139100,2025-02-06T00:00:00Z,5.715,86.196,2024-08-10T00:00:00Z
300534064139100,2025-02-06T06:00:00Z,5.746,86.09,2024-08-10T00:00:00Z
300534064139100,2025-02-06T12:00:00Z,5.774,85.987,2024-08-10T00:00:00Z
300534064139100,2025-02-06T18:00:00Z,5.787,85.862,2024-08-10T00:00:00Z
300534064139100,2025-02-07T00:00:00Z,5.823,85.778,2024-08-10T00:00:00Z
300534064139100,2025-02-07T06:00:00Z,5.85,85.688,2024-08-10T00:00:00Z
300534064139100,2025-02-07T12:00:00Z,5.873,85.584,2024-08-10T00:00:00Z
300534064139100,2025-02-07T18:00:00Z,5.869,85.507,2024-08-10T00:00:00Z
300534064139100,2025-02-08T00:00:00Z,5.87,85.412,2024-08-10T00:00:00Z
300534064139100,2025-02-08T06:00:00Z,5.858,85.305,2024-08-10T00:00:00Z
300534064139100,2025-02-08T12:00:00Z,5.842,85.2,2024-08-10T00:00:00Z
300534064139100,2025-02-08T18:00:00Z,5.822,85.084,2024-08-10T00:00:00Z
300534064139100,2025-02-09T00:00:00Z,5.816,84.951,2024-08-10T00:00:00Z
300534064139100,2025-02-09T06:00:00Z,5.839,84.855,2024-08-10T00:00:00Z
300534064139100,2025-02-09T12:00:00Z,5.851,84.75,2024-08-10T00:00:00Z
300534064139100,2025-02-09T18:00:00Z,5.888,84.654,2024-08-10T00:00:00Z
300534064139100,2025-02-10T00:00:00Z,5.925,84.591,2024-08-10T00:00:00Z
300534064139100,2025-02-10T06:00:00Z,5.959,84.525,2024-08-10T00:00:00Z
300534064139100,2025-02-10T12:00:00Z,5.976,84.48,2024-08-10T00:00:00Z
300534064139100,2025-02-10T18:00:00Z,5.987,84.445,2024-08-10T00:00:00Z
300534064139100,2025-02-11T00:00:00Z,5.995,84.434,2024-08-10T00:00:00Z
300534064139100,2025-02-11T06:00:00Z,5.994,84.405,2024-08-10T00:00:00Z
300534064139100,2025-02-11T12:00:00Z,5.939,84.36,2024-08-10T00:00:00Z
300534064139100,2025-02-11T18:00:00Z,5.9,84.321,2024-08-10T00:00:00Z
300534064139100,2025-02-12T00:00:00Z,5.84,84.244,2024-08-10T00:00:00Z
300534064139100,2025-02-12T06:00:00Z,5.801,84.145,2024-08-10T00:00:00Z
300534064139100,2025-02-12T12:00:00Z,5.758,84.014,2024-08-10T00:00:00Z
300534064139100,2025-02-12T18:00:00Z,5.745,83.877,2024-08-10T00:00:00Z
300534064139100,2025-02-13T00:00:00Z,5.754,83.762,2024-08-10T00:00:00Z
300534064139100,2025-02-13T06:00:00Z,5.768,83.654,2024-08-10T00:00:00Z
300534064139100,2025-02-13T12:00:00Z,5.789,83.543,2024-08-10T00:00:00Z
300534064139100,2025-02-13T18:00:00Z,5.823,83.463,2024-08-10T00:00:00Z
300534064139100,2025-02-14T00:00:00Z,5.856,83.394,2024-08-10T00:00:00Z
300534064139100,2025-02-14T06:00:00Z,5.894,83.346,2024-08-10T00:00:00Z
300534064139100,2025-02-14T12:00:00Z,5.923,83.297,2024-08-10T00:00:00Z
300534064139100,2025-02-14T18:00:00Z,5.935,83.268,2024-08-10T00:00:00Z
300534064139100,2025-02-15T00:00:00Z,5.943,83.249,2024-08-10T00:00:00Z
300534064139100,2025-02-15T06:00:00Z,5.926,83.218,2024-08-10T00:00:00Z
300534064139100,2025-02-15T12:00:00Z,5.889,83.178,2024-08-10T00:00:00Z
300534064139100,2025-02-15T18:00:00Z,5.866,83.124,2024-08-10T00:00:00Z
300534064139100,2025-02-16T00:00:00Z,5.854,83.074,2024-08-10T00:00:00Z
300534064139100,2025-02-16T06:00:00Z,5.848,83.013,2024-08-10T00:00:00Z
300534064139100,2025-02-16T12:00:00Z,5.797,82.944,2024-08-10T00:00:00Z
300534064139100,2025-02-16T18:00:00Z,5.732,82.891,2024-08-10T00:00:00Z
300534064139100,2025-02-17T00:00:00Z,5.654,82.781,2024-08-10T00:00:00Z
300534064139100,2025-02-17T06:00:00Z,5.603,82.648,2024-08-10T00:00:00Z
300534064139100,2025-02-17T12:00:00Z,5.558,82.486,2024-08-10T00:00:00Z
300534064139100,2025-02-17T18:00:00Z,5.55,82.353,2024-08-10T00:00:00Z
300534064139100,2025-02-18T00:00:00Z,5.548,82.212,2024-08-10T00:00:00Z
300534064139100,2025-02-18T06:00:00Z,5.575,82.11,2024-08-10T00:00:00Z
300534064139100,2025-02-18T12:00:00Z,5.591,82.006,2024-08-10T00:00:00Z
300534064139100,2025-02-18T18:00:00Z,5.631,81.898,2024-08-10T00:00:00Z
300534064139100,2025-02-19T00:00:00Z,5.671,81.827,2024-08-10T00:00:00Z
300534064139100,2025-02-19T06:00:00Z,5.706,81.754,2024-08-10T00:00:00Z
300534064139100,2025-02-19T12:00:00Z,5.69,81.679,2024-08-10T00:00:00Z
300534064139100,2025-02-19T18:00:00Z,5.679,81.595,2024-08-10T00:00:00Z
300534064139100,2025-02-20T00:00:00Z,5.651,81.537,2024-08-10T00:00:00Z
300534064139100,2025-02-20T06:00:00Z,5.616,81.505,2024-08-10T00:00:00Z
300534064139100,2025-02-20T12:00:00Z,5.557,81.435,2024-08-10T00:00:00Z
300534064139100,2025-02-20T18:00:00Z,5.511,81.353,2024-08-10T00:00:00Z
300534064139100,2025-02-21T00:00:00Z,5.482,81.248,2024-08-10T00:00:00Z
300534064139100,2025-02-21T06:00:00Z,5.429,81.154,2024-08-10T00:00:00Z
300534064139100,2025-02-21T12:00:00Z,5.366,81.015,2024-08-10T00:00:00Z
300534064139100,2025-02-21T18:00:00Z,5.329,80.884,2024-08-10T00:00:00Z
300534064139100,2025-02-22T00:00:00Z,5.294,80.779,2024-08-10T00:00:00Z
300534064139100,2025-02-22T06:00:00Z,5.244,80.677,2024-08-10T00:00:00Z
300534064139100,2025-02-22T12:00:00Z,5.194,80.553,2024-08-10T00:00:00Z
300534064139100,2025-02-22T18:00:00Z,5.164,80.42,2024-08-10T00:00:00Z
300534064139100,2025-02-23T00:00:00Z,5.142,80.296,2024-08-10T00:00:00Z
300534064139100,2025-02-23T06:00:00Z,5.122,80.18,2024-08-10T00:00:00Z
300534064139100,2025-02-23T12:00:00Z,5.106,80.048,2024-08-10T00:00:00Z
300534064139100,2025-02-23T18:00:00Z,5.129,79.905,2024-08-10T00:00:00Z
300534064139100,2025-02-24T00:00:00Z,5.149,79.773,2024-08-10T00:00:00Z
300534064139100,2025-02-24T06:00:00Z,5.154,79.647,2024-08-10T00:00:00Z
300534064139100,2025-02-24T12:00:00Z,5.158,79.497,2024-08-10T00:00:00Z
300534064139100,2025-02-24T18:00:00Z,5.183,79.351,2024-08-10T00:00:00Z
300534064139100,2025-02-25T00:00:00Z,5.215,79.223,2024-08-10T00:00:00Z
300534064139100,2025-02-25T06:00:00Z,5.224,79.108,2024-08-10T00:00:00Z
300534064139100,2025-02-25T12:00:00Z,5.206,79.012,2024-08-10T00:00:00Z
300534064293930,2025-04-20T00:00:00Z,14.144,89.349,2025-05-14T00:00:00Z
300534064293930,2025-04-20T06:00:00Z,14.159,89.387,2025-05-14T00:00:00Z
300534064293930,2025-04-20T12:00:00Z,14.172,89.402,2025-05-14T00:00:00Z
300534064293930,2025-04-20T18:00:00Z,14.177,89.424,2025-05-14T00:00:00Z
300534064293930,2025-04-21T00:00:00Z,14.186,89.42,2025-05-14T00:00:00Z
300534064293930,2025-04-21T06:00:00Z,14.154,89.386,2025-05-14T00:00:00Z
300534064293930,2025-04-21T12:00:00Z,14.252,89.398,2025-05-14T00:00:00Z
300534064293930,2025-04-21T18:00:00Z,14.302,89.427,2025-05-14T00:00:00Z
300534064293930,2025-04-22T00:00:00Z,14.341,89.465,2025-05-14T00:00:00Z
300534064293930,2025-04-22T06:00:00Z,14.352,89.506,2025-05-14T00:00:00Z
300534064293930,2025-04-22T12:00:00Z,14.367,89.533,2025-05-14T00:00:00Z
300534064293930,2025-04-22T18:00:00Z,14.368,89.571,2025-05-14T00:00:00Z
300534064293930,2025-04-23T00:00:00Z,14.386,89.597,2025-05-14T00:00:00Z
300534064293930,2025-04-23T06:00:00Z,14.387,89.612,2025-05-14T00:00:00Z
300534064293930,2025-04-23T12:00:00Z,14.423,89.617,2025-05-14T00:00:00Z
300534064293930,2025-04-23T18:00:00Z,14.435,89.644,2025-05-14T00:00:00Z
300534064293930,2025-04-24T00:00:00Z,14.473,89.676,2025-05-14T00:00:00Z
300534064293930,2025-04-24T06:00:00Z,14.499,89.714,2025-05-14T00:00:00Z
300534064293930,2025-04-24T12:00:00Z,14.513,89.771,2025-05-14T00:00:00Z
300534064293930,2025-04-24T18:00:00Z,14.491,89.804,2025-05-14T00:00:00Z
300534064293930,2025-04-25T00:00:00Z,14.499,89.839,2025-05-14T00:00:00Z
300534064293930,2025-04-25T06:00:00Z,14.498,89.71,2025-05-14T00:00:00Z
300534064293930,2025-04-25T12:00:00Z,14.513,89.87,2025-05-14T00:00:00Z
300534064293930,2025-04-25T18:00:00Z,14.516,89.892,2025-05-14T00:00:00Z
300534064293930,2025-04-26T00:00:00Z,14.54,89.921,2025-05-14T00:00:00Z
300534064293930,2025-04-26T06:00:00Z,14.543,89.959,2025-05-14T00:00:00Z
300534064293930,2025-04-26T12:00:00Z,14.54,89.992,2025-05-14T00:00:00Z
300534064293930,2025-04-26T18:00:00Z,14.503,90.021,2025-05-14T00:00:00Z
300534064293930,2025-04-27T00:00:00Z,14.495,90.023,2025-05-14T00:00:00Z
300534064293930,2025-04-27T06:00:00Z,14.501,90.039,2025-05-14T00:00:00Z
300534064293930,2025-04-27T12:00:00Z,14.502,90.058,2025-05-14T00:00:00Z
300534064293930,2025-04-27T18:00:00Z,14.49,90.1,2025-05-14T00:00:00Z
300534064293930,2025-04-28T00:00:00Z,14.472,90.124,2025-05-14T00:00:00Z
300534064293930,2025-04-28T06:00:00Z,14.457,90.141,2025-05-14T00:00:00Z
300534064293930,2025-04-28T12:00:00Z,14.438,90.14,2025-05-14T00:00:00Z
300534064293930,2025-04-28T18:00:00Z,14.431,90.175,2025-05-14T00:00:00Z
300534064293930,2025-04-29T00:00:00Z,14.397,90.189,2025-05-14T00:00:00Z
300534064293930,2025-04-29T06:00:00Z,14.372,90.188,2025-05-14T00:00:00Z
300534064293930,2025-04-29T12:00:00Z,14.362,90.163,2025-05-14T00:00:00Z
300534064293930,2025-04-29T18:00:00Z,14.38,90.17,2025-05-14T00:00:00Z
300534064293930,2025-04-30T00:00:00Z,14.396,90.189,2025-05-14T00:00:00Z
300534064293930,2025-04-30T06:00:00Z,14.397,90.223,2025-05-14T00:00:00Z
300534064293930,2025-04-30T12:00:00Z,14.363,90.276,2025-05-14T00:00:00Z
300534064293930,2025-04-30T18:00:00Z,14.311,90.311,2025-05-14T00:00:00Z
300534064293930,2025-05-01T00:00:00Z,14.252,90.325,2025-05-14T00:00:00Z
300534064293930,2025-05-01T06:00:00Z,14.194,90.309,2025-05-14T00:00:00Z
300534064293930,2025-05-01T12:00:00Z,14.157,90.282,2025-05-14T00:00:00Z
300534064293930,2025-05-01T18:00:00Z,14.16,90.246,2025-05-14T00:00:00Z
300534064293930,2025-05-02T00:00:00Z,14.181,90.226,2025-05-14T00:00:00Z
300534064293930,2025-05-02T06:00:00Z,14.188,90.255,2025-05-14T00:00:00Z
300534064293930,2025-05-02T12:00:00Z,14.16,90.297,2025-05-14T00:00:00Z
300534064293930,2025-05-02T18:00:00Z,14.108,90.328,2025-05-14T00:00:00Z
300534064293930,2025-05-03T00:00:00Z,14.037,90.346,2025-05-14T00:00:00Z
300534064293930,2025-05-03T06:00:00Z,13.993,90.321,2025-05-14T00:00:00Z
300534064293930,2025-05-03T12:00:00Z,13.954,90.321,2025-05-14T00:00:00Z
300534064293930,2025-05-03T18:00:00Z,13.934,90.29,2025-05-14T00:00:00Z
300534064293930,2025-05-04T00:00:00Z,13.918,90.277,2025-05-14T00:00:00Z
300534064293930,2025-05-04T06:00:00Z,13.914,90.26,2025-05-14T00:00:00Z
300534064293930,2025-05-04T12:00:00Z,13.912,90.291,2025-05-14T00:00:00Z
300534064293930,2025-05-04T18:00:00Z,13.877,90.323,2025-05-14T00:00:00Z
300534064293930,2025-05-05T00:00:00Z,13.82,90.357,2025-05-14T00:00:00Z
300534064293930,2025-05-05T06:00:00Z,13.76,90.369,2025-05-14T00:00:00Z
300534064293930,2025-05-05T12:00:00Z,13.702,90.362,2025-05-14T00:00:00Z
300534064293930,2025-05-05T18:00:00Z,13.647,90.346,2025-05-14T00:00:00Z
300534064293930,2025-05-06T00:00:00Z,13.627,90.317,2025-05-14T00:00:00Z
300534064293930,2025-05-06T06:00:00Z,13.851,90.273,2025-05-14T00:00:00Z
300534064293930,2025-05-06T12:00:00Z,13.597,90.323,2025-05-14T00:00:00Z
300534064293930,2025-05-06T18:00:00Z,13.567,90.342,2025-05-14T00:00:00Z
300534064293930,2025-05-07T00:00:00Z,13.54,90.366,2025-05-14T00:00:00Z
300534064293930,2025-05-07T06:00:00Z,13.573,90.347,2025-05-14T00:00:00Z
300534064293930,2025-05-07T12:00:00Z,13.593,90.326,2025-05-14T00:00:00Z
300534064293930,2025-05-07T18:00:00Z,13.478,90.345,2025-05-14T00:00:00Z
300534064293930,2025-05-08T00:00:00Z,13.287,90.367,2025-05-14T00:00:00Z
300534064293930,2025-05-08T06:00:00Z,13.278,90.359,2025-05-14T00:00:00Z
300534064293930,2025-05-08T12:00:00Z,13.257,90.381,2025-05-14T00:00:00Z
300534064293930,2025-05-08T18:00:00Z,13.221,90.396,2025-05-14T00:00:00Z
300534064293930,2025-05-09T00:00:00Z,13.173,90.417,2025-05-14T00:00:00Z
300534064293930,2025-05-09T06:00:00Z,13.122,90.427,2025-05-14T00:00:00Z
300534064293930,2025-05-09T12:00:00Z,13.081,90.44,2025-05-14T00:00:00Z
300534064293930,2025-05-09T18:00:00Z,13.039,90.448,2025-05-14T00:00:00Z
300534064293930,2025-05-10T00:00:00Z,13.007,90.47,2025-05-14T00:00:00Z
300534064293930,2025-05-10T06:00:00Z,13.121,90.421,2025-05-14T00:00:00Z
300534064293930,2025-05-10T12:00:00Z,13.034,90.44,2025-05-14T00:00:00Z
300534064293930,2025-05-10T18:00:00Z,12.9,90.462,2025-05-14T00:00:00Z
300534064293930,2025-05-11T00:00:00Z,12.795,90.473,2025-05-14T00:00:00Z
300534064293930,2025-05-11T06:00:00Z,12.767,90.469,2025-05-14T00:00:00Z
300534064293930,2025-05-11T12:00:00Z,12.741,90.475,2025-05-14T00:00:00Z
300534064293930,2025-05-11T18:00:00Z,12.71,90.506,2025-05-14T00:00:00Z
300534064293930,2025-05-12T00:00:00Z,12.659,90.53,2025-05-14T00:00:00Z
300534064293930,2025-05-12T06:00:00Z,12.598,90.557,2025-05-14T00:00:00Z
300534064293930,2025-05-12T12:00:00Z,12.552,90.548,2025-05-14T00:00:00Z
300534064293930,2025-05-12T18:00:00Z,12.502,90.547,2025-05-14T00:00:00Z
300534064293930,2025-05-13T00:00:00Z,12.467,90.537,2025-05-14T00:00:00Z
300534064293930,2025-05-13T06:00:00Z,12.433,90.536,2025-05-14T00:00:00Z
300534064293930,2025-05-13T12:00:00Z,12.398,90.533,2025-05-14T00:00:00Z
300534064293930,2025-05-13T18:00:00Z,12.369,90.533,2025-05-14T00:00:00Z
300534064293930,2025-05-14T00:00:00Z,12.355,90.514,2025-05-14T00:00:00Z
300534064293930,2025-05-14T06:00:00Z,12.341,90.53,2025-05-14T00:00:00Z
300534064293930,2025-05-14T12:00:00Z,12.303,90.539,2025-05-14T00:00:00Z
300534064293930,2025-05-14T18:00:00Z,12.262,90.561,2025-05-14T00:00:00Z
300534064293930,2025-05-15T00:00:00Z,12.221,90.54,2025-05-14T00:00:00Z
300534064293930,2025-05-15T06:00:00Z,12.2,90.534,2025-05-14T00:00:00Z
300534064293930,2025-05-15T12:00:00Z,12.18,90.522,2025-05-14T00:00:00Z
300534064293930,2025-05-15T18:00:00Z,12.163,90.502,2025-05-14T00:00:00Z
300534064293930,2025-05-16T00:00:00Z,12.144,90.485,2025-05-14T00:00:00Z
300534064293930,2025-05-16T06:00:00Z,12.2,90.535,2025-05-14T00:00:00Z
300534064293930,2025-05-16T12:00:00Z,12.126,90.465,2025-05-14T00:00:00Z
300534064293930,2025-05-16T18:00:00Z,12.108,90.458,2025-05-14T00:00:00Z
300534064293930,2025-05-17T00:00:00Z,12.103,90.451,2025-05-14T00:00:00Z
300534064293930,2025-05-17T06:00:00Z,12.105,90.451,2025-05-14T00:00:00Z
300534064293930,2025-05-17T12:00:00Z,12.109,90.478,2025-05-14T00:00:00Z
300534064293930,2025-05-17T18:00:00Z,12.108,90.506,2025-05-14T00:00:00Z
300534064293930,2025-05-18T00:00:00Z,12.101,90.555,2025-05-14T00:00:00Z
300534064293930,2025-05-18T06:00:00Z,12.106,90.444,2025-05-14T00:00:00Z
300534064293930,2025-05-18T12:00:00Z,12.054,90.604,2025-05-14T00:00:00Z
300534064293930,2025-05-18T18:00:00Z,12.045,90.601,2025-05-14T00:00:00Z
300534064293930,2025-05-19T00:00:00Z,12.057,90.634,2025-05-14T00:00:00Z
300534064293930,2025-05-19T06:00:00Z,12.058,90.657,2025-05-14T00:00:00Z
300534064293930,2025-05-19T12:00:00Z,12.057,90.692,2025-05-14T00:00:00Z
300534064293930,2025-05-19T18:00:00Z,12.063,90.677,2025-05-14T00:00:00Z
300534064293930,2025-05-20T00:00:00Z,12.052,90.696,2025-05-14T00:00:00Z
300534064293930,2025-05-20T06:00:00Z,12.04,90.706,2025-05-14T00:00:00Z
300534064293930,2025-05-20T12:00:00Z,12.054,90.72,2025-05-14T00:00:00Z
300534064293930,2025-05-20T18:00:00Z,12.066,90.73,2025-05-14T00:00:00Z
300534064293930,2025-05-21T00:00:00Z,12.092,90.755,2025-05-14T00:00:00Z
300534064293930,2025-05-21T06:00:00Z,12.092,90.784,2025-05-14T00:00:00Z
300534064293930,2025-05-21T12:00:00Z,12.121,90.818,2025-05-14T00:00:00Z
300534064293930,2025-05-21T18:00:00Z,12.118,90.842,2025-05-14T00:00:00Z
300534064293930,2025-05-22T00:00:00Z,12.13,90.873,2025-05-14T00:00:00Z
300534064293930,2025-05-22T06:00:00Z,12.131,90.882,2025-05-14T00:00:00Z
300534064293930,2025-05-22T12:00:00Z,12.161,90.9,2025-05-14T00:00:00Z
300534064293930,2025-05-22T18:00:00Z,12.15,90.93,2025-05-14T00:00:00Z
300534064293930,2025-05-23T00:00:00Z,12.16,90.944,2025-05-14T00:00:00Z
300534064293930,2025-05-23T06:00:00Z,12.174,90.965,2025-05-14T00:00:00Z
300534064293930,2025-05-23T12:00:00Z,12.192,91.006,2025-05-14T00:00:00Z
300534064293930,2025-05-23T18:00:00Z,12.166,91.036,2025-05-14T00:00:00Z
300534064293930,2025-05-24T00:00:00Z,12.166,91.058,2025-05-14T00:00:00Z
300534064293930,2025-05-24T06:00:00Z,12.159,91.085,2025-05-14T00:00:00Z
300534064293930,2025-05-24T12:00:00Z,12.148,91.12,2025-05-14T00:00:00Z
300534064293930,2025-05-24T18:00:00Z,12.131,91.13,2025-05-14T00:00:00Z
300534064293930,2025-05-25T00:00:00Z,12.134,91.149,2025-05-14T00:00:00Z
300534064293930,2025-05-25T06:00:00Z,12.132,91.192,2025-05-14T00:00:00Z
300534064293930,2025-05-25T12:00:00Z,12.148,91.235,2025-05-14T00:00:00Z
300534064293930,2025-05-25T18:00:00Z,12.159,91.302,2025-05-14T00:00:00Z
300534064293930,2025-05-26T00:00:00Z,12.168,91.381,2025-05-14T00:00:00Z
300534064293930,2025-05-26T06:00:00Z,12.178,91.47,2025-05-14T00:00:00Z
300534064293930,2025-05-26T12:00:00Z,12.154,91.55,2025-05-14T00:00:00Z
300534064293930,2025-05-26T18:00:00Z,12.12,91.599,2025-05-14T00:00:00Z
300534064293930,2025-05-27T00:00:00Z,12.098,91.628,2025-05-14T00:00:00Z
300534064293930,2025-05-27T06:00:00Z,12.109,91.659,2025-05-14T00:00:00Z
300534064293930,2025-05-27T12:00:00Z,12.119,91.704,2025-05-14T00:00:00Z
300534064293930,2025-05-27T18:00:00Z,12.15,91.759,2025-05-14T00:00:00Z
300534064293930,2025-05-28T00:00:00Z,12.18,91.836,2025-05-14T00:00:00Z
300534064293930,2025-05-28T06:00:00Z,12.214,91.917,2025-05-14T00:00:00Z
300534064293930,2025-05-28T12:00:00Z,12.216,91.99,2025-05-14T00:00:00Z
300534064293930,2025-05-28T18:00:00Z,12.229,92.039,2025-05-14T00:00:00Z
300534064293930,2025-05-29T00:00:00Z,12.232,92.071,2025-05-14T00:00:00Z
300534064293930,2025-05-29T06:00:00Z,12.251,92.099,2025-05-14T00:00:00Z
300534064293930,2025-05-29T12:00:00Z,12.263,92.127,2025-05-14T00:00:00Z
300534064293930,2025-05-29T18:00:00Z,12.299,92.156,2025-05-14T00:00:00Z
300534064293930,2025-05-30T00:00:00Z,12.328,92.18,2025-05-14T00:00:00Z
300534064293930,2025-05-30T06:00:00Z,12.377,92.225,2025-05-14T00:00:00Z
300534064293930,2025-05-30T12:00:00Z,12.408,92.268,2025-05-14T00:00:00Z
300534064293930,2025-05-30T18:00:00Z,12.446,92.307,2025-05-14T00:00:00Z
300534064293930,2025-05-31T00:00:00Z,12.462,92.327,2025-05-14T00:00:00Z
300534064293930,2025-05-31T06:00:00Z,12.496,92.353,2025-05-14T00:00:00Z
300534064293930,2025-05-31T12:00:00Z,12.532,92.362,2025-05-14T00:00:00Z
300534064293930,2025-05-31T18:00:00Z,12.571,92.39,2025-05-14T00:00:00Z
300534064293930,2025-06-01T00:00:00Z,12.581,92.406,2025-05-14T00:00:00Z
300534064293930,2025-06-01T06:00:00Z,12.601,92.423,2025-05-14T00:00:00Z
300534064293930,2025-06-01T12:00:00Z,12.622,92.438,2025-05-14T00:00:00Z
300534064293930,2025-06-01T18:00:00Z,12.641,92.452,2025-05-14T00:00:00Z
300534064293930,2025-06-02T00:00:00Z,12.652,92.454,2025-05-14T00:00:00Z
300534064293930,2025-06-02T06:00:00Z,12.677,92.482,2025-05-14T00:00:00Z
300534064293930,2025-06-02T12:00:00Z,12.695,92.506,2025-05-14T00:00:00Z
300534064293930,2025-06-02T18:00:00Z,12.701,92.539,2025-05-14T00:00:00Z
300534064293930,2025-06-03T00:00:00Z,12.701,92.55,2025-05-14T00:00:00Z
300534064293930,2025-06-03T06:00:00Z,12.705,92.56,2025-05-14T00:00:00Z
300534064293930,2025-06-03T12:00:00Z,12.714,92.563,2025-05-14T00:00:00Z
300534064293930,2025-06-03T18:00:00Z,12.709,92.551,2025-05-14T00:00:00Z
300534064293930,2025-06-04T00:00:00Z,12.757,92.577,2025-05-14T00:00:00Z
300534064293930,2025-06-04T06:00:00Z,12.77,92.581,2025-05-14T00:00:00Z
300534064293930,2025-06-04T12:00:00Z,12.781,92.594,2025-05-14T00:00:00Z
300534064293930,2025-06-04T18:00:00Z,12.786,92.599,2025-05-14T00:00:00Z
300534064293930,2025-06-05T00:00:00Z,12.788,92.596,2025-05-14T00:00:00Z
300534064293930,2025-06-05T06:00:00Z,12.793,92.592,2025-05-14T00:00:00Z
300534064293930,2025-06-05T12:00:00Z,12.781,92.594,2025-05-14T00:00:00Z
300534064293930,2025-06-05T18:00:00Z,12.813,92.601,2025-05-14T00:00:00Z
300534064293930,2025-06-06T00:00:00Z,12.813,92.61,2025-05-14T00:00:00Z
300534064293930,2025-06-06T06:00:00Z,12.811,92.619,2025-05-14T00:00:00Z
300534064293930,2025-06-06T12:00:00Z,12.83,92.629,2025-05-14T00:00:00Z
300534064293930,2025-06-06T18:00:00Z,12.845,92.626,2025-05-14T00:00:00Z
300534064293930,2025-06-07T00:00:00Z,12.859,92.623,2025-05-14T00:00:00Z
300534064293930,2025-06-07T06:00:00Z,12.864,92.617,2025-05-14T00:00:00Z
300534064293930,2025-06-07T12:00:00Z,12.83,92.629,2025-05-14T00:00:00Z
300534064293930,2025-06-07T18:00:00Z,12.871,92.628,2025-05-14T00:00:00Z
300534064293930,2025-06-08T00:00:00Z,12.876,92.626,2025-05-14T00:00:00Z
300534064293930,2025-06-08T06:00:00Z,12.878,92.621,2025-05-14T00:00:00Z
300534064293930,2025-06-08T12:00:00Z,12.878,92.623,2025-05-14T00:00:00Z
300534064293930,2025-06-08T18:00:00Z,12.9,92.639,2025-05-14T00:00:00Z
300534064293930,2025-06-09T00:00:00Z,12.926,92.643,2025-05-14T00:00:00Z
300534064293930,2025-06-09T06:00:00Z,12.934,92.646,2025-05-14T00:00:00Z
300534064293930,2025-06-09T12:00:00Z,12.961,92.654,2025-05-14T00:00:00Z
300534064293930,2025-06-09T18:00:00Z,12.963,92.659,2025-05-14T00:00:00Z
300534065950160,2025-03-18T18:00:00Z,14.964,88.547,2025-03-20T00:00:00Z
300534065950160,2025-03-19T00:00:00Z,15.008,88.523,2025-03-20T00:00:00Z
300534065950160,2025-03-19T06:00:00Z,15.048,88.489,2025-03-20T00:00:00Z
300534065950160,2025-03-19T12:00:00Z,15.085,88.422,2025-03-20T00:00:00Z
300534065950160,2025-03-19T18:00:00Z,15.135,88.37,2025-03-20T00:00:00Z
300534065950160,2025-03-20T00:00:00Z,15.163,88.316,2025-03-20T00:00:00Z
300534065950160,2025-03-20T06:00:00Z,15.199,88.262,2025-03-20T00:00:00Z
300534065950160,2025-03-20T12:00:00Z,15.193,88.219,2025-03-20T00:00:00Z
300534065950160,2025-03-20T18:00:00Z,15.219,88.142,2025-03-20T00:00:00Z
300534065950160,2025-03-21T00:00:00Z,15.226,88.12,2025-03-20T00:00:00Z
300534065950160,2025-03-21T06:00:00Z,15.242,88.088,2025-03-20T00:00:00Z
300534065950160,2025-03-21T12:00:00Z,15.235,88.028,2025-03-20T00:00:00Z
300534065950160,2025-03-21T18:00:00Z,15.258,87.956,2025-03-20T00:00:00Z
300534065950160,2025-03-22T00:00:00Z,15.29,87.919,2025-03-20T00:00:00Z
300534065950160,2025-03-22T06:00:00Z,15.329,87.875,2025-03-20T00:00:00Z
300534065950160,2025-03-22T12:00:00Z,15.347,87.843,2025-03-20T00:00:00Z
300534065950160,2025-03-22T18:00:00Z,15.381,87.788,2025-03-20T00:00:00Z
300534065950160,2025-03-23T00:00:00Z,15.429,87.766,2025-03-20T00:00:00Z
300534065950160,2025-03-23T06:00:00Z,15.46,87.722,2025-03-20T00:00:00Z
300534065950160,2025-03-23T12:00:00Z,15.494,87.696,2025-03-20T00:00:00Z
300534065950160,2025-03-23T18:00:00Z,15.533,87.657,2025-03-20T00:00:00Z
300534065950160,2025-03-24T00:00:00Z,15.562,87.644,2025-03-20T00:00:00Z
300534065950160,2025-03-24T06:00:00Z,15.582,87.598,2025-03-20T00:00:00Z
300534065950160,2025-03-24T12:00:00Z,15.631,87.554,2025-03-20T00:00:00Z
300534065950160,2025-03-24T18:00:00Z,15.667,87.538,2025-03-20T00:00:00Z
300534065950160,2025-03-25T00:00:00Z,15.695,87.519,2025-03-20T00:00:00Z
300534065950160,2025-03-25T06:00:00Z,15.725,87.486,2025-03-20T00:00:00Z
300534065950160,2025-03-25T12:00:00Z,15.762,87.461,2025-03-20T00:00:00Z
300534065950160,2025-03-25T18:00:00Z,15.808,87.445,2025-03-20T00:00:00Z
300534065950160,2025-03-26T00:00:00Z,15.841,87.452,2025-03-20T00:00:00Z
300534065950160,2025-03-26T06:00:00Z,15.865,87.435,2025-03-20T00:00:00Z
300534065950160,2025-03-26T12:00:00Z,15.885,87.424,2025-03-20T00:00:00Z
300534065950160,2025-03-26T18:00:00Z,15.926,87.399,2025-03-20T00:00:00Z
300534065950160,2025-03-27T00:00:00Z,15.961,87.381,2025-03-20T00:00:00Z
300534065950160,2025-03-27T06:00:00Z,16.022,87.363,2025-03-20T00:00:00Z
300534065950160,2025-03-27T12:00:00Z,16.08,87.353,2025-03-20T00:00:00Z
300534065950160,2025-03-27T18:00:00Z,16.132,87.358,2025-03-20T00:00:00Z
300534065950160,2025-03-28T00:00:00Z,16.149,87.356,2025-03-20T00:00:00Z
300534065950160,2025-03-28T06:00:00Z,16.182,87.306,2025-03-20T00:00:00Z
300534065950160,2025-03-28T12:00:00Z,16.241,87.22,2025-03-20T00:00:00Z
